ApplicantID,Gender,Age,MonthlyIncome,LoanAmount,CreditScore,EmploymentStatus,ExistingLoans,LoanTerm,PropertyArea,LoanApproved
LP001001,Male,28,4670.0,74400.0,663.0,Employed,0,180,Semi-Urban,1
LP001002,Female,28,5390.0,185900.0,,Employed,0,180,Rural,1
LP001003,Female,35,5900.0,81400.0,652.0,Employed,0,120,Semi-Urban,0
LP001004,Male,42,5730.0,125600.0,696.0,Employed,0,36,Semi-Urban,0
LP001005,Male,48,6900.0,234100.0,686.0,Employed,2,360,Semi-Urban,1
LP001006,Male,29,8640.0,116500.0,667.0,Employed,0,60,Urban,1
LP001007,Male,54,8310.0,178000.0,730.0,Self-Employed,1,60,Urban,1
LP001008,Female,35,6970.0,176600.0,685.0,Employed,0,180,Semi-Urban,1
LP001009,Male,37,2280.0,59900.0,656.0,Employed,2,180,Semi-Urban,1
LP001010,Female,29,1940.0,19900.0,360.0,Unemployed,1,12,Rural,0
LP001011,Male,21,5580.0,78100.0,594.0,Employed,0,60,Urban,0
LP001012,Female,47,4250.0,143600.0,594.0,Employed,1,180,Rural,1
LP001013,Female,46,4000.0,93200.0,696.0,Employed,0,240,Urban,1
LP001014,Male,34,7690.0,239800.0,775.0,Employed,1,120,Semi-Urban,1
LP001015,Male,38,3860.0,109600.0,671.0,Employed,0,180,Semi-Urban,1
LP001016,Male,43,4300.0,87300.0,673.0,Employed,5,180,Urban,1
LP001017,Male,21,9720.0,443800.0,728.0,Employed,0,360,Urban,1
LP001018,Male,32,7220.0,90000.0,690.0,Self-Employed,0,120,Urban,1
LP001019,Male,46,10500.0,204100.0,723.0,Employed,1,60,Urban,1
LP001020,Male,24,8420.0,223700.0,698.0,Employed,0,180,Semi-Urban,1
LP001021,Male,41,2770.0,39000.0,634.0,Self-Employed,2,240,Urban,1
LP001022,Male,23,,59400.0,709.0,Employed,1,60,Semi-Urban,1
LP001023,Male,43,12620.0,364000.0,788.0,Self-Employed,1,180,Urban,1
LP001024,Male,37,2770.0,31200.0,715.0,Employed,0,12,Rural,1
LP001025,Male,21,8470.0,87600.0,661.0,Self-Employed,2,36,Rural,1
LP001026,Female,50,5320.0,200900.0,614.0,Employed,1,180,Semi-Urban,1
LP001027,Male,29,1850.0,44400.0,786.0,Self-Employed,0,120,Semi-Urban,1
LP001028,Male,29,800.0,12200.0,474.0,Unemployed,0,360,Urban,0
LP001029,Male,40,5860.0,123700.0,552.0,Employed,0,240,Rural,1
LP001030,Male,50,27040.0,500000.0,637.0,Employed,4,180,Urban,1
LP001031,Male,26,4910.0,83700.0,613.0,Employed,0,180,Urban,1
LP001032,Male,38,2920.0,90800.0,761.0,Employed,1,180,Urban,1
LP001033,Male,42,6310.0,74000.0,553.0,Employed,0,36,Semi-Urban,0
LP001034,Female,45,1740.0,31000.0,752.0,Employed,0,360,Semi-Urban,1
LP001035,Female,39,5160.0,141800.0,741.0,Employed,1,360,Semi-Urban,1
LP001036,Female,33,5480.0,123600.0,618.0,Employed,3,60,Semi-Urban,0
LP001037,Male,28,8410.0,80700.0,522.0,Employed,1,60,Urban,1
LP001038,Male,38,9280.0,92700.0,515.0,Employed,2,60,Rural,0
LP001039,Female,26,4120.0,109600.0,697.0,Employed,1,240,Semi-Urban,1
LP001040,Male,21,5000.0,195800.0,662.0,Employed,0,240,Semi-Urban,1
LP001041,Male,42,3560.0,124100.0,,Employed,0,360,Semi-Urban,1
LP001042,Male,47,2920.0,106900.0,674.0,Employed,1,360,Urban,1
LP001043,Male,21,6440.0,140700.0,598.0,Employed,3,180,Urban,1
LP001044,Female,26,2700.0,28800.0,463.0,Employed,2,240,Semi-Urban,0
LP001045,Male,44,4320.0,153300.0,741.0,Employed,0,240,Urban,1
LP001046,Female,60,3140.0,110900.0,631.0,Self-Employed,0,180,Urban,0
LP001047,Male,38,7350.0,96500.0,650.0,Employed,0,180,Rural,1
LP001048,Male,29,14630.0,455400.0,529.0,Employed,3,240,Semi-Urban,1
LP001049,Male,35,2540.0,71200.0,529.0,Self-Employed,2,180,Semi-Urban,1
LP001050,Male,53,1720.0,23800.0,755.0,Self-Employed,2,240,Semi-Urban,1
LP001051,Female,30,1460.0,43500.0,639.0,Unemployed,0,240,Rural,0
LP001052,Female,29,7000.0,226300.0,740.0,Employed,1,240,Urban,1
LP001053,Female,32,6150.0,144300.0,663.0,Employed,1,240,Rural,1
LP001054,Female,27,3640.0,51700.0,549.0,Self-Employed,0,180,Semi-Urban,0
LP001055,Male,39,2520.0,30700.0,837.0,Employed,1,240,Urban,1
LP001056,Female,55,9370.0,198900.0,711.0,Employed,0,180,Urban,1
LP001057,Male,41,7150.0,85400.0,690.0,Self-Employed,0,120,Semi-Urban,1
LP001058,Male,35,7540.0,68500.0,618.0,Self-Employed,2,12,Semi-Urban,0
LP001059,Male,34,1200.0,34000.0,391.0,Unemployed,2,180,Urban,0
LP001060,Male,21,1300.0,32900.0,665.0,Unemployed,0,180,Semi-Urban,0
LP001061,Male,47,4080.0,131000.0,600.0,Self-Employed,1,360,Semi-Urban,1
LP001062,Male,37,4790.0,133200.0,720.0,Employed,0,180,Semi-Urban,1
LP001063,Female,36,17280.0,481100.0,737.0,Self-Employed,1,180,Rural,1
LP001064,Male,68,3330.0,44500.0,670.0,Employed,2,120,Rural,0
LP001065,Male,41,2350.0,23100.0,,Employed,2,36,Semi-Urban,1
LP001066,Male,29,,137700.0,780.0,Self-Employed,1,360,Rural,1
LP001067,Male,33,7640.0,185400.0,620.0,Employed,0,120,Urban,1
LP001068,Female,50,3940.0,80600.0,692.0,Employed,0,240,Urban,1
LP001069,Male,39,4480.0,171500.0,663.0,Employed,1,240,Urban,1
LP001070,Female,22,7590.0,157100.0,542.0,Self-Employed,0,180,Semi-Urban,1
LP001071,Female,48,4990.0,112900.0,666.0,Employed,2,360,Semi-Urban,1
LP001072,Male,30,12710.0,348200.0,773.0,Self-Employed,0,180,Semi-Urban,1
LP001073,Male,58,20750.0,385900.0,783.0,Employed,0,120,Urban,1
LP001074,Female,49,1910.0,77900.0,819.0,Self-Employed,0,360,Urban,1
LP001075,Female,33,14930.0,496700.0,476.0,Self-Employed,4,360,Rural,0
LP001076,Female,52,5760.0,130900.0,802.0,Employed,0,60,Rural,1
LP001077,Female,38,11660.0,58100.0,693.0,Employed,1,12,Semi-Urban,1
LP001078,Male,47,8090.0,73600.0,800.0,Employed,0,60,Semi-Urban,1
LP001079,Male,43,1020.0,25900.0,550.0,Unemployed,0,120,Semi-Urban,0
LP001080,Male,28,5620.0,167800.0,640.0,Employed,1,360,Urban,1
LP001081,Female,30,1980.0,66000.0,488.0,Unemployed,1,180,Semi-Urban,0
LP001082,Male,49,3550.0,54500.0,738.0,Employed,1,180,Semi-Urban,1
LP001083,Male,34,11130.0,142800.0,683.0,Self-Employed,2,360,Semi-Urban,1
LP001084,Male,33,3490.0,66700.0,596.0,Self-Employed,0,180,Urban,0
LP001085,Male,27,9890.0,100800.0,517.0,Self-Employed,0,120,Rural,1
LP001086,Male,42,1130.0,23700.0,541.0,Unemployed,3,360,Rural,0
LP001087,Female,60,14500.0,476500.0,719.0,Employed,0,360,Urban,1
LP001088,Male,26,5470.0,113400.0,605.0,Employed,1,360,Semi-Urban,1
LP001089,Female,38,5390.0,68300.0,555.0,Self-Employed,2,180,Rural,1
LP001090,Male,53,3290.0,157600.0,729.0,Self-Employed,0,360,Urban,1
LP001091,Male,37,27300.0,500000.0,819.0,Employed,1,60,Semi-Urban,1
LP001092,Female,42,3010.0,65600.0,642.0,Employed,0,180,Semi-Urban,1
LP001093,Female,26,4290.0,154900.0,614.0,Employed,0,360,Semi-Urban,1
LP001094,Male,42,6830.0,151000.0,702.0,Employed,0,120,Rural,1
LP001095,Female,35,7560.0,207000.0,692.0,Employed,2,360,Urban,1
LP001096,Male,48,9200.0,182500.0,652.0,Employed,0,180,Urban,1
LP001097,Male,51,22370.0,254600.0,831.0,Self-Employed,1,36,Urban,1
LP001098,Male,66,7180.0,337100.0,677.0,Employed,3,360,Urban,1
LP001099,Male,44,3040.0,43400.0,651.0,Employed,1,60,Semi-Urban,1
LP001100,Male,41,4720.0,136100.0,560.0,Employed,1,240,Semi-Urban,1
LP001101,Male,40,6430.0,73700.0,778.0,Employed,1,60,Urban,1
LP001102,Male,34,26840.0,500000.0,769.0,Self-Employed,0,360,Semi-Urban,1
LP001103,Male,41,1590.0,20800.0,557.0,Unemployed,1,120,Semi-Urban,0
LP001104,Male,34,7880.0,131600.0,706.0,Employed,1,120,Urban,1
LP001105,Female,39,5230.0,82000.0,598.0,Self-Employed,4,60,Semi-Urban,0
LP001106,Male,52,3610.0,55500.0,649.0,Self-Employed,3,360,Semi-Urban,1
LP001107,Male,26,7100.0,275900.0,568.0,Self-Employed,2,240,Semi-Urban,0
LP001108,Female,50,12960.0,207800.0,557.0,Employed,2,240,Urban,0
LP001109,Male,52,1850.0,25500.0,640.0,Unemployed,1,180,Semi-Urban,1
LP001110,Male,36,4580.0,123700.0,750.0,Employed,1,180,Rural,1
LP001111,Male,21,9270.0,199900.0,608.0,Employed,2,60,Semi-Urban,1
LP001112,Male,31,5390.0,149200.0,623.0,Employed,0,180,Urban,1
LP001113,Female,52,3910.0,47000.0,696.0,Employed,4,120,Semi-Urban,1
LP001114,Female,37,2300.0,101100.0,626.0,Employed,0,360,Urban,1
LP001115,Male,27,8520.0,220500.0,684.0,Employed,1,360,Semi-Urban,1
LP001116,Female,32,6860.0,115300.0,674.0,Employed,1,180,Urban,1
LP001117,Female,47,3210.0,51900.0,499.0,Self-Employed,3,60,Urban,0
LP001118,Male,44,4330.0,79600.0,694.0,Self-Employed,0,360,Semi-Urban,1
LP001119,Female,35,4200.0,55900.0,687.0,Employed,1,60,Urban,1
LP001120,Male,33,2230.0,26900.0,707.0,Self-Employed,1,60,Semi-Urban,1
LP001121,Female,33,3560.0,91500.0,691.0,Self-Employed,0,120,Urban,1
LP001122,Female,27,2850.0,78500.0,805.0,Self-Employed,2,180,Urban,1
LP001123,Male,55,4330.0,178600.0,767.0,Employed,1,360,Rural,1
LP001124,Male,34,3760.0,103600.0,682.0,Self-Employed,1,120,Rural,1
LP001125,Male,51,1470.0,17700.0,589.0,Unemployed,0,60,Urban,0
LP001126,Male,54,1580.0,44000.0,812.0,Self-Employed,1,180,Semi-Urban,1
LP001127,Female,48,3600.0,100500.0,744.0,Employed,1,240,Urban,1
LP001128,Female,33,7000.0,,587.0,Employed,0,120,Semi-Urban,1
LP001129,Male,42,6370.0,132600.0,751.0,Employed,0,120,Semi-Urban,1
LP001130,Male,37,3570.0,128600.0,703.0,Employed,4,360,Urban,1
LP001131,Male,28,10330.0,271200.0,801.0,Employed,1,360,Semi-Urban,1
LP001132,Male,41,3780.0,84900.0,649.0,Employed,1,360,Urban,1
LP001133,Male,25,8720.0,209200.0,644.0,Self-Employed,0,360,Urban,1
LP001134,Male,51,4900.0,126500.0,609.0,Self-Employed,0,60,Semi-Urban,0
LP001135,Female,32,3370.0,54800.0,703.0,Employed,0,120,Semi-Urban,1
LP001136,Male,40,1870.0,25500.0,634.0,Unemployed,0,120,Semi-Urban,0
LP001137,Male,41,2610.0,88400.0,641.0,Employed,1,120,Semi-Urban,0
LP001138,Female,35,10480.0,238400.0,669.0,Self-Employed,1,360,Semi-Urban,1
LP001139,Male,44,15580.0,260500.0,525.0,Self-Employed,1,360,Semi-Urban,0
LP001140,Female,32,35000.0,500000.0,793.0,Self-Employed,0,240,Urban,1
LP001141,Female,47,1610.0,33000.0,462.0,Unemployed,1,60,Semi-Urban,0
LP001142,Male,23,7210.0,90000.0,708.0,Employed,0,360,Semi-Urban,1
LP001143,Male,39,4850.0,83200.0,697.0,Self-Employed,0,360,Semi-Urban,1
LP001144,Male,59,10020.0,157200.0,613.0,Employed,3,60,Semi-Urban,1
LP001145,Male,26,2940.0,64300.0,685.0,Self-Employed,1,360,Urban,1
LP001146,Male,30,9670.0,153700.0,604.0,Self-Employed,1,120,Semi-Urban,1
LP001147,Male,43,1470.0,21300.0,,Self-Employed,0,60,Urban,1
LP001148,Male,39,7880.0,234400.0,682.0,Employed,3,240,Semi-Urban,1
LP001149,Male,41,2960.0,86600.0,774.0,Self-Employed,1,240,Semi-Urban,1
LP001150,Male,43,6330.0,105800.0,613.0,Employed,2,60,Rural,1
LP001151,Female,44,11460.0,230100.0,562.0,Employed,0,120,Semi-Urban,0
LP001152,Male,50,11230.0,366700.0,551.0,Self-Employed,4,360,Rural,0
LP001153,Male,42,10650.0,147300.0,783.0,Employed,2,240,Semi-Urban,1
LP001154,Male,35,13830.0,237000.0,591.0,Self-Employed,2,240,Rural,1
LP001155,Female,45,4070.0,54100.0,672.0,Employed,0,120,Semi-Urban,1
LP001156,Male,58,7550.0,82000.0,786.0,Employed,0,36,Rural,1
LP001157,Female,36,1890.0,22600.0,640.0,Self-Employed,0,120,Urban,1
LP001158,Female,27,3720.0,68300.0,667.0,Employed,0,120,Urban,1
LP001159,Male,50,11680.0,339100.0,704.0,Employed,2,120,Semi-Urban,1
LP001160,Female,36,4820.0,56700.0,808.0,Self-Employed,0,60,Rural,1
LP001161,Male,21,1940.0,37600.0,631.0,Employed,0,180,Semi-Urban,1
LP001162,Male,47,,414800.0,784.0,Employed,0,120,Urban,1
LP001163,Male,32,7400.0,315000.0,658.0,Employed,0,360,Semi-Urban,1
LP001164,Male,37,10780.0,231500.0,613.0,,0,60,Semi-Urban,1
LP001165,Male,41,3180.0,55700.0,663.0,Self-Employed,2,180,Urban,1
LP001166,Female,40,7700.0,94900.0,593.0,Self-Employed,1,12,Semi-Urban,0
LP001167,Male,45,6260.0,185600.0,715.0,Employed,0,180,Rural,1
LP001168,Male,33,3550.0,36600.0,850.0,Self-Employed,0,36,Rural,1
LP001169,Male,43,5600.0,155500.0,762.0,Self-Employed,0,360,Urban,1
LP001170,Male,35,2210.0,33000.0,672.0,Self-Employed,0,360,Urban,1
LP001171,Female,46,4490.0,54200.0,,Employed,1,180,Urban,1
LP001172,Male,44,12480.0,129100.0,610.0,Self-Employed,1,60,Urban,0
LP001173,Male,27,3740.0,117300.0,622.0,Self-Employed,1,180,Urban,1
LP001174,Male,49,15510.0,361900.0,674.0,Employed,1,360,Semi-Urban,1
LP001175,Male,32,2470.0,24500.0,686.0,Employed,0,60,Urban,1
LP001176,Male,46,5260.0,115600.0,513.0,Self-Employed,3,180,Rural,0
LP001177,Female,42,3790.0,128400.0,622.0,Employed,2,360,Rural,0
LP001178,Male,58,800.0,34600.0,499.0,Unemployed,3,360,Urban,0
LP001179,Female,35,2190.0,36900.0,795.0,Self-Employed,0,360,Rural,1
LP001180,Male,34,4810.0,98600.0,512.0,Employed,3,360,Semi-Urban,1
LP001181,Male,37,4880.0,203200.0,541.0,Employed,2,360,Semi-Urban,1
LP001182,Male,34,7310.0,171700.0,658.0,Employed,2,180,Urban,0
LP001183,Female,46,800.0,10900.0,666.0,Unemployed,0,180,Semi-Urban,1
LP001184,Female,21,7790.0,298200.0,721.0,Employed,1,360,Urban,1
LP001185,Male,26,6740.0,141900.0,632.0,Self-Employed,3,240,Semi-Urban,1
LP001186,Female,26,5980.0,152200.0,658.0,Employed,1,360,Urban,1
LP001187,Female,48,3190.0,31300.0,730.0,Employed,1,12,Semi-Urban,0
LP001188,Male,56,5220.0,171800.0,672.0,Employed,3,180,Urban,0
LP001189,Male,36,10120.0,127400.0,660.0,Employed,0,120,Urban,1
LP001190,Male,36,2190.0,49800.0,508.0,Unemployed,1,120,Semi-Urban,0
LP001191,Male,38,4090.0,113200.0,609.0,Employed,1,120,Semi-Urban,1
LP001192,Female,50,6120.0,181300.0,675.0,Employed,3,240,Semi-Urban,1
LP001193,Female,27,7060.0,84500.0,564.0,Employed,0,60,Urban,1
LP001194,Male,40,2080.0,84000.0,805.0,Employed,1,240,Rural,1
LP001195,Male,48,4040.0,119300.0,645.0,Employed,1,240,Semi-Urban,1
LP001196,Male,43,5280.0,109400.0,668.0,Self-Employed,2,120,Urban,1
LP001197,Female,40,6250.0,117600.0,732.0,Employed,1,120,Semi-Urban,1
LP001198,Female,49,10470.0,288600.0,558.0,Employed,3,240,Semi-Urban,1
LP001199,Female,21,3550.0,109100.0,575.0,Employed,3,360,Urban,0
LP001200,Female,45,800.0,29100.0,589.0,Unemployed,0,360,Semi-Urban,0
LP001201,Male,30,4130.0,63700.0,615.0,Employed,0,360,Rural,1
LP001202,Male,21,8970.0,345500.0,599.0,Employed,0,360,Semi-Urban,1
LP001203,Male,43,3950.0,103900.0,606.0,Self-Employed,0,180,Urban,1
LP001204,Female,53,6900.0,100900.0,770.0,Employed,1,360,Rural,1
LP001205,Male,36,4590.0,85200.0,639.0,Employed,3,360,Urban,1
LP001206,Male,48,3610.0,75200.0,585.0,Employed,2,360,Rural,0
LP001207,Male,55,5010.0,30100.0,745.0,Self-Employed,0,12,Urban,1
LP001208,Female,52,6540.0,136600.0,624.0,Employed,0,360,Semi-Urban,1
LP001209,Male,56,11970.0,225700.0,533.0,Self-Employed,1,180,Semi-Urban,0
LP001210,Male,46,4730.0,178800.0,732.0,Employed,1,360,Urban,1
LP001211,Male,38,2800.0,59000.0,,Employed,0,60,Semi-Urban,1
LP001212,Female,21,9410.0,340400.0,,Employed,2,180,Semi-Urban,1
LP001213,Female,35,3310.0,100000.0,468.0,Employed,3,120,Urban,0
LP001214,Male,28,7570.0,158500.0,678.0,Self-Employed,0,120,Semi-Urban,1
LP001215,Female,61,5360.0,95900.0,624.0,Employed,2,60,Semi-Urban,1
LP001216,Male,36,4980.0,156600.0,708.0,Employed,0,360,Urban,1
LP001217,Male,39,4160.0,48500.0,616.0,Employed,1,12,Rural,1
LP001218,Female,44,1320.0,37000.0,554.0,Unemployed,1,120,Rural,0
LP001219,Male,38,1810.0,25100.0,573.0,Employed,0,60,Urban,1
LP001220,Female,56,1740.0,41400.0,526.0,Unemployed,3,180,Semi-Urban,0
LP001221,Female,31,5530.0,114800.0,576.0,Employed,1,120,Urban,1
LP001222,Male,40,6800.0,190600.0,712.0,Employed,1,120,Semi-Urban,1
LP001223,Male,29,6600.0,116900.0,623.0,Employed,0,180,Rural,1
LP001224,Male,23,10950.0,316800.0,444.0,Employed,0,240,Urban,0
LP001225,Male,31,6060.0,131100.0,739.0,Employed,0,60,Rural,1
LP001226,Male,37,3440.0,77200.0,717.0,Employed,1,60,Semi-Urban,1
LP001227,Female,33,1040.0,14600.0,681.0,Unemployed,1,120,Urban,0
LP001228,Male,30,2050.0,82400.0,523.0,Self-Employed,0,360,Rural,1
LP001229,Female,22,1780.0,45000.0,630.0,Self-Employed,1,180,Semi-Urban,1
LP001230,Male,37,4670.0,156100.0,689.0,Employed,1,180,Semi-Urban,1
LP001231,Female,21,5300.0,130500.0,722.0,Employed,1,120,Semi-Urban,1
LP001232,Male,46,5780.0,196600.0,570.0,Employed,1,180,Urban,1
LP001233,Male,38,6590.0,48300.0,642.0,Self-Employed,3,36,Urban,0
LP001234,Male,21,800.0,6300.0,537.0,Unemployed,1,36,Rural,0
LP001235,Male,34,3260.0,49500.0,540.0,Employed,1,180,Semi-Urban,1
LP001236,Female,29,4770.0,110200.0,623.0,Employed,0,180,Rural,1
LP001237,Male,41,4540.0,45600.0,718.0,Employed,0,60,Urban,1
LP001238,Male,52,1430.0,19000.0,544.0,Employed,0,240,Semi-Urban,1
LP001239,Male,21,,97700.0,727.0,Employed,1,360,Rural,0
LP001240,Male,39,7730.0,285800.0,701.0,Employed,0,180,Urban,1
LP001241,Female,36,11080.0,175600.0,660.0,Self-Employed,0,240,Urban,0
LP001242,Female,45,1980.0,37300.0,522.0,Employed,2,360,Semi-Urban,0
LP001243,Female,40,3470.0,59400.0,563.0,Employed,0,360,Urban,1
LP001244,Male,29,1040.0,16500.0,550.0,Unemployed,0,180,Urban,0
LP001245,Male,34,2970.0,124200.0,595.0,Employed,0,240,Rural,1
LP001246,Female,29,5230.0,120900.0,619.0,Employed,2,60,Rural,1
LP001247,Male,49,6890.0,233600.0,747.0,Employed,0,180,Semi-Urban,1
LP001248,Female,38,8160.0,222600.0,659.0,Employed,1,120,Semi-Urban,1
LP001249,Female,58,22350.0,444400.0,657.0,Employed,1,60,Rural,1
LP001250,Female,37,1310.0,31700.0,657.0,Self-Employed,1,180,Semi-Urban,1
LP001251,Male,30,7590.0,188100.0,756.0,Employed,1,60,Urban,1
LP001252,Male,21,4000.0,90500.0,742.0,Employed,2,240,Urban,1
LP001253,Female,21,4190.0,140200.0,711.0,Self-Employed,0,180,Urban,1
LP001254,Male,21,3860.0,51100.0,690.0,Employed,0,180,Urban,1
LP001255,Male,40,3340.0,33100.0,697.0,Self-Employed,0,60,Urban,1
LP001256,Male,43,20520.0,285300.0,787.0,Self-Employed,0,60,Urban,1
LP001257,Female,21,8630.0,214500.0,715.0,Employed,0,180,Urban,1
LP001258,Female,47,6410.0,118400.0,794.0,Self-Employed,0,360,Urban,1
LP001259,Male,32,11420.0,132800.0,648.0,Employed,1,60,Semi-Urban,1
LP001260,Male,39,800.0,28000.0,479.0,Unemployed,1,120,Urban,0
LP001261,Male,55,2360.0,110400.0,629.0,Employed,0,360,Rural,1
LP001262,Female,47,2150.0,24200.0,537.0,Unemployed,1,36,Urban,0
LP001263,Male,35,2490.0,60300.0,800.0,Self-Employed,0,360,Rural,1
LP001264,Male,28,1640.0,40500.0,735.0,Employed,0,180,Rural,1
LP001265,Female,21,3700.0,76700.0,632.0,Employed,1,180,Semi-Urban,1
LP001266,Female,30,890.0,22000.0,640.0,Unemployed,0,120,Semi-Urban,0
LP001267,Female,35,7070.0,151100.0,670.0,Self-Employed,0,120,Rural,1
LP001268,Female,27,9900.0,213300.0,802.0,Employed,0,120,Urban,1
LP001269,Male,36,2250.0,107600.0,584.0,Self-Employed,3,360,Rural,0
LP001270,Male,38,6980.0,89400.0,564.0,Employed,1,240,Semi-Urban,1
LP001271,Female,35,4730.0,115200.0,665.0,Employed,0,240,Semi-Urban,0
LP001272,Female,30,3840.0,148900.0,620.0,Employed,2,360,Urban,1
LP001273,Female,39,6050.0,76600.0,579.0,Employed,1,120,Semi-Urban,1
LP001274,Female,42,6590.0,136600.0,723.0,Self-Employed,1,240,Semi-Urban,1
LP001275,Male,26,3470.0,117600.0,751.0,Employed,2,180,Semi-Urban,1
LP001276,Male,53,3460.0,68300.0,595.0,Self-Employed,0,360,Semi-Urban,1
LP001277,Female,36,2290.0,53500.0,752.0,Employed,0,120,Urban,1
LP001278,Male,38,6430.0,270400.0,634.0,Employed,1,240,Urban,1
LP001279,Female,45,2730.0,85700.0,678.0,Employed,1,360,Semi-Urban,1
LP001280,Female,40,5440.0,106000.0,670.0,Employed,1,180,Urban,1
LP001281,Female,48,7520.0,94500.0,678.0,Employed,1,36,Urban,1
LP001282,Male,41,6090.0,74300.0,645.0,Employed,3,180,Urban,1
LP001283,Male,31,3650.0,54400.0,533.0,Employed,3,120,Urban,0
LP001284,Male,41,8950.0,263000.0,741.0,Employed,2,240,Semi-Urban,1
LP001285,Male,25,4340.0,108300.0,682.0,Employed,2,360,Urban,1
LP001286,Male,39,2610.0,80600.0,672.0,Employed,3,180,Rural,1
LP001287,Male,37,5170.0,,621.0,Self-Employed,0,180,Semi-Urban,1
LP001288,Male,35,820.0,19800.0,496.0,Unemployed,0,240,Semi-Urban,0
LP001289,Male,36,3570.0,79100.0,768.0,Employed,1,60,Urban,1
LP001290,Male,21,8790.0,314300.0,558.0,Employed,2,120,Semi-Urban,1
LP001291,Male,31,3680.0,86300.0,691.0,Employed,1,360,Semi-Urban,1
LP001292,Male,39,1050.0,26300.0,,Unemployed,1,240,Rural,0
LP001293,Female,39,7740.0,61300.0,670.0,Employed,0,12,Semi-Urban,0
LP001294,Male,26,7910.0,225900.0,767.0,Employed,0,120,Semi-Urban,1
LP001295,Male,51,5270.0,90800.0,659.0,Employed,1,240,Rural,1
LP001296,Male,28,3170.0,100100.0,584.0,Employed,0,360,Urban,0
LP001297,Female,48,4370.0,189200.0,708.0,Employed,0,360,Urban,1
LP001298,Male,42,800.0,19500.0,694.0,Self-Employed,0,120,Semi-Urban,1
LP001299,Male,30,8330.0,157000.0,850.0,Employed,0,360,Urban,1
LP001300,Male,57,4940.0,156400.0,609.0,Employed,1,180,Urban,1
LP001301,Male,24,1450.0,41700.0,661.0,Employed,0,240,Semi-Urban,1
LP001302,Male,48,2440.0,34100.0,625.0,Employed,1,180,Urban,1
LP001303,Male,49,840.0,19900.0,569.0,Unemployed,0,60,Semi-Urban,1
LP001304,Male,30,4310.0,140400.0,631.0,Employed,2,360,Rural,1
LP001305,Female,53,6800.0,201800.0,,Self-Employed,0,60,Urban,1
LP001306,Female,35,4490.0,64200.0,715.0,Employed,1,120,Urban,1
LP001307,Male,41,7930.0,195900.0,663.0,Employed,1,360,Urban,1
LP001308,Male,40,1950.0,49900.0,680.0,Unemployed,0,240,Urban,0
LP001309,Female,36,3880.0,68400.0,596.0,Employed,2,360,Urban,1
LP001310,Male,46,1020.0,20700.0,819.0,Self-Employed,1,180,Urban,1
LP001311,Male,46,4070.0,93100.0,700.0,Employed,0,180,Semi-Urban,1
LP001312,Male,21,3870.0,161800.0,775.0,Self-Employed,0,360,Urban,1
LP001313,Male,52,3210.0,,618.0,Employed,3,36,Semi-Urban,0
LP001314,Female,21,4320.0,100300.0,586.0,Employed,2,360,Rural,1
LP001315,Female,49,2870.0,49700.0,660.0,Self-Employed,0,120,Rural,1
LP001316,Female,50,2050.0,73000.0,475.0,Unemployed,0,360,Semi-Urban,0
LP001317,Male,25,1550.0,30400.0,536.0,Unemployed,2,60,Urban,0
LP001318,Male,33,10160.0,270400.0,692.0,Self-Employed,1,180,Semi-Urban,1
LP001319,Male,25,5730.0,98800.0,648.0,Self-Employed,2,360,Urban,1
LP001320,Male,35,16310.0,326700.0,779.0,Employed,0,180,Urban,1
LP001321,Male,34,10170.0,231600.0,668.0,Employed,1,240,Rural,1
LP001322,Female,46,5140.0,207600.0,537.0,Employed,0,360,Urban,1
LP001323,Female,52,4170.0,131400.0,850.0,Employed,0,240,Urban,1
LP001324,Male,53,11340.0,333100.0,,Employed,1,360,Rural,1
LP001325,Female,31,9450.0,159600.0,682.0,Employed,4,180,Rural,1
LP001326,Female,35,2500.0,38000.0,,Employed,0,60,Urban,1
LP001327,Male,21,13500.0,246300.0,698.0,Self-Employed,1,36,Urban,0
LP001328,Male,29,4990.0,54000.0,620.0,Employed,1,120,Semi-Urban,1
LP001329,Male,48,3380.0,43800.0,468.0,Employed,1,60,Semi-Urban,1
LP001330,Male,55,1830.0,26200.0,623.0,Employed,2,180,Urban,1
LP001331,Male,24,5230.0,143800.0,641.0,Self-Employed,2,60,Semi-Urban,0
LP001332,Female,31,6260.0,43700.0,663.0,Self-Employed,0,36,Rural,1
LP001333,Male,37,13000.0,223400.0,628.0,Employed,5,36,Urban,0
LP001334,Male,41,,398600.0,624.0,Employed,2,360,Rural,1
LP001335,Male,29,3940.0,88900.0,650.0,Employed,2,180,Rural,1
LP001336,Male,42,6730.0,238600.0,692.0,Employed,1,180,Urban,1
LP001337,Female,32,8560.0,286500.0,642.0,Employed,2,360,Semi-Urban,1
LP001338,Female,37,5690.0,66100.0,667.0,Employed,0,36,Urban,1
LP001339,Male,44,3930.0,163700.0,612.0,Employed,0,360,Semi-Urban,1
LP001340,Male,38,4050.0,130400.0,689.0,Employed,2,240,Rural,1
LP001341,Male,33,890.0,9000.0,558.0,Unemployed,0,60,Urban,0
LP001342,Male,36,2000.0,46000.0,552.0,Unemployed,0,240,Semi-Urban,0
LP001343,Male,37,6710.0,201500.0,683.0,Employed,2,360,Rural,1
LP001344,Male,33,1290.0,43800.0,660.0,Employed,2,180,Urban,1
LP001345,Male,35,2670.0,65000.0,627.0,Employed,0,360,Urban,1
LP001346,Male,55,7640.0,176800.0,738.0,Employed,2,60,Urban,1
LP001347,Male,44,1650.0,31300.0,490.0,Unemployed,1,120,Semi-Urban,0
LP001348,Male,34,1680.0,13900.0,602.0,Employed,1,60,Rural,1
LP001349,Male,45,6690.0,110000.0,695.0,Self-Employed,2,120,Rural,1
LP001350,Male,34,5540.0,139300.0,811.0,Employed,0,120,Semi-Urban,1
LP001351,Male,50,1400.0,30000.0,536.0,Unemployed,0,360,Semi-Urban,1
LP001352,Female,42,7270.0,147700.0,710.0,Employed,0,36,Urban,0
LP001353,Female,36,5810.0,152100.0,590.0,Self-Employed,1,180,Urban,1
LP001354,Male,42,2550.0,64500.0,610.0,Employed,1,180,Semi-Urban,1
LP001355,Male,21,9250.0,237800.0,729.0,Employed,2,360,Semi-Urban,1
LP001356,Male,25,11780.0,340500.0,672.0,Employed,2,360,Semi-Urban,1
LP001357,Male,24,2790.0,50200.0,767.0,Employed,1,360,Rural,1
LP001358,Male,39,1300.0,36300.0,626.0,Unemployed,2,360,Semi-Urban,0
LP001359,Female,57,840.0,27800.0,423.0,Unemployed,0,360,Semi-Urban,0
LP001360,Male,62,4070.0,77400.0,590.0,,0,360,Urban,1
LP001361,Male,45,5880.0,146700.0,665.0,Employed,2,240,Rural,1
LP001362,Male,43,14700.0,234100.0,552.0,Self-Employed,0,36,Semi-Urban,0
LP001363,Male,21,1580.0,46800.0,600.0,Employed,0,180,Rural,1
LP001364,Male,32,12960.0,500000.0,787.0,Employed,1,240,Semi-Urban,1
LP001365,Female,29,4340.0,150300.0,639.0,Employed,0,180,Semi-Urban,0
LP001366,Male,31,7200.0,97500.0,698.0,Employed,2,120,Semi-Urban,1
LP001367,Female,36,7630.0,100400.0,677.0,Employed,0,180,Urban,1
LP001368,Female,32,8140.0,294200.0,629.0,Employed,0,360,Semi-Urban,1
LP001369,Male,21,5620.0,101500.0,555.0,Employed,0,36,Rural,0
LP001370,Male,46,7760.0,337200.0,697.0,Self-Employed,1,360,Urban,1
LP001371,Male,26,6370.0,223500.0,789.0,Employed,0,240,Urban,1
LP001372,Male,40,3840.0,96400.0,631.0,Employed,1,360,Semi-Urban,1
LP001373,Male,60,2070.0,42500.0,650.0,Employed,2,360,Urban,1
LP001374,Female,27,2780.0,108600.0,496.0,Employed,3,360,Semi-Urban,0
LP001375,Male,21,5130.0,140400.0,629.0,Employed,0,180,Semi-Urban,1
LP001376,Male,34,3520.0,70700.0,705.0,Employed,1,120,Urban,1
LP001377,Female,50,3530.0,44800.0,735.0,Employed,1,180,Rural,1
LP001378,Male,59,22240.0,338200.0,651.0,Self-Employed,3,360,Semi-Urban,0
LP001379,Female,24,8710.0,253200.0,457.0,Employed,5,360,Rural,0
LP001380,Male,43,5290.0,223200.0,645.0,Self-Employed,0,360,Semi-Urban,1
LP001381,Male,32,7860.0,161100.0,607.0,Employed,1,60,Rural,0
LP001382,Female,36,4310.0,103000.0,656.0,Employed,0,180,Urban,1
LP001383,Male,67,6820.0,179100.0,671.0,,0,120,Urban,1
LP001384,Female,21,6930.0,63200.0,759.0,Employed,0,12,Urban,0
LP001385,Female,40,4320.0,63600.0,,Employed,1,120,Semi-Urban,1
LP001386,Female,43,3910.0,62600.0,786.0,Self-Employed,1,60,Rural,1
LP001387,Male,49,10650.0,227700.0,627.0,Employed,0,360,Semi-Urban,1
LP001388,Male,39,9700.0,118300.0,573.0,Self-Employed,1,120,Rural,0
LP001389,Female,41,1570.0,39400.0,789.0,Employed,0,120,Urban,1
LP001390,Female,33,3950.0,88000.0,712.0,Self-Employed,1,360,Urban,1
LP001391,Female,40,3530.0,50600.0,624.0,Employed,0,180,Rural,1
LP001392,Male,34,3860.0,40000.0,712.0,Employed,0,12,Semi-Urban,0
LP001393,Male,44,8730.0,216800.0,742.0,Employed,0,120,Rural,1
LP001394,Female,33,5490.0,102900.0,688.0,Employed,0,60,Urban,1
LP001395,Male,42,2530.0,49900.0,625.0,Employed,1,60,Rural,1
LP001396,Female,37,4400.0,37100.0,646.0,Employed,0,36,Semi-Urban,1
LP001397,Female,50,7320.0,188600.0,701.0,Employed,1,180,Semi-Urban,1
LP001398,Male,37,4810.0,38600.0,694.0,Employed,0,60,Urban,1
LP001399,Female,21,3810.0,76200.0,770.0,Employed,1,180,Semi-Urban,1
LP001400,Female,51,1770.0,33600.0,524.0,Unemployed,2,360,Rural,0
LP001401,Male,28,11200.0,254500.0,607.0,Employed,0,180,Rural,1
LP001402,Female,30,6100.0,211400.0,850.0,Employed,1,360,Urban,1
LP001403,Male,31,4970.0,173900.0,693.0,Employed,0,180,Urban,1
LP001404,Female,53,21490.0,500000.0,742.0,Employed,1,180,Semi-Urban,1
LP001405,Male,21,800.0,25500.0,619.0,Unemployed,0,360,Urban,1
LP001406,Female,68,5350.0,96400.0,693.0,Employed,1,36,Semi-Urban,1
LP001407,Male,49,800.0,9500.0,562.0,Unemployed,1,60,Urban,1
LP001408,Male,40,5800.0,192100.0,399.0,Employed,3,240,Urban,0
LP001409,Female,37,2660.0,77800.0,600.0,Self-Employed,1,180,Semi-Urban,1
LP001410,Male,41,9170.0,346300.0,704.0,Employed,1,360,Semi-Urban,1
LP001411,Male,43,20590.0,500000.0,476.0,Self-Employed,0,360,Semi-Urban,0
LP001412,Female,45,13610.0,387100.0,615.0,Employed,3,180,Rural,1
LP001413,Female,44,10650.0,226700.0,694.0,Employed,2,180,Urban,1
LP001414,Male,38,4870.0,78400.0,742.0,Employed,0,180,Semi-Urban,1
LP001415,Male,35,4440.0,156800.0,689.0,Employed,2,360,Urban,1
LP001416,Male,36,1410.0,43700.0,651.0,Unemployed,0,360,Semi-Urban,0
LP001417,Male,35,2170.0,67300.0,765.0,Employed,2,360,Urban,1
LP001418,Male,50,10090.0,210700.0,727.0,Employed,2,120,Urban,1
LP001419,Female,44,9940.0,390800.0,694.0,Self-Employed,0,360,Urban,1
LP001420,Female,21,13390.0,196200.0,669.0,Employed,1,120,Urban,1
LP001421,Female,45,800.0,20800.0,588.0,Unemployed,0,120,Rural,0
LP001422,Female,40,2760.0,102800.0,659.0,Self-Employed,0,360,Semi-Urban,1
LP001423,Male,37,4940.0,44200.0,763.0,Employed,0,12,Rural,1
LP001424,Male,33,9870.0,187200.0,722.0,Self-Employed,1,360,Semi-Urban,1
LP001425,Male,50,5250.0,88300.0,651.0,Employed,0,60,Urban,1
LP001426,Male,48,2450.0,114500.0,779.0,Employed,0,360,Urban,1
LP001427,Male,29,5660.0,184800.0,658.0,Employed,1,120,Urban,1
LP001428,Female,42,9670.0,235600.0,609.0,Employed,0,180,Urban,1
LP001429,Male,27,6180.0,69200.0,679.0,Self-Employed,0,120,Semi-Urban,1
LP001430,Male,22,1330.0,33200.0,518.0,Unemployed,0,180,Semi-Urban,0
LP001431,Male,31,8320.0,273800.0,750.0,Employed,0,120,Urban,1
LP001432,Female,47,6100.0,,616.0,Employed,1,240,Urban,1
LP001433,Male,48,920.0,9200.0,571.0,Unemployed,0,12,Urban,0
LP001434,Male,43,4700.0,78700.0,680.0,Employed,4,36,Urban,0
LP001435,Male,45,5530.0,99200.0,626.0,Employed,1,60,Urban,0
LP001436,Female,43,7940.0,107000.0,710.0,Employed,0,180,Rural,1
LP001437,Male,30,1650.0,35200.0,506.0,Unemployed,0,360,Urban,0
LP001438,Female,42,4250.0,85600.0,698.0,Employed,0,360,Semi-Urban,1
LP001439,Female,46,7990.0,162000.0,722.0,Self-Employed,1,120,Urban,0
LP001440,Male,46,4670.0,108800.0,676.0,Self-Employed,0,180,Urban,1
LP001441,Male,51,5720.0,94600.0,682.0,Employed,0,360,Rural,1
LP001442,Female,45,2780.0,46700.0,678.0,Employed,2,120,Semi-Urban,1
LP001443,Male,41,6270.0,145700.0,658.0,Self-Employed,0,180,Urban,1
LP001444,Male,49,4180.0,102900.0,746.0,Employed,0,180,Rural,1
LP001445,Female,37,2880.0,43300.0,747.0,Self-Employed,2,60,Urban,1
LP001446,Female,28,1240.0,17600.0,510.0,Unemployed,1,12,Urban,0
LP001447,Female,36,3760.0,76700.0,812.0,Employed,0,60,Semi-Urban,1
LP001448,Female,29,7230.0,121300.0,657.0,Self-Employed,1,240,Semi-Urban,1
LP001449,Male,30,2460.0,23000.0,829.0,Self-Employed,0,36,Urban,1
LP001450,Male,36,6380.0,74200.0,658.0,Self-Employed,1,60,Urban,1
LP001451,Female,29,15450.0,280900.0,733.0,Employed,1,120,Rural,1
LP001452,Male,34,9530.0,80000.0,697.0,Employed,2,36,Urban,1
LP001453,Male,21,13410.0,287600.0,580.0,Employed,3,60,Urban,0
LP001454,Female,40,8300.0,303400.0,615.0,Self-Employed,3,360,Semi-Urban,0
LP001455,Male,38,10320.0,89500.0,717.0,Employed,3,12,Rural,1
LP001456,Male,29,3800.0,88000.0,655.0,Self-Employed,1,240,Urban,1
LP001457,Male,45,3810.0,67700.0,648.0,Employed,0,180,Semi-Urban,1
LP001458,Male,48,1200.0,22100.0,593.0,Employed,1,240,Semi-Urban,1
LP001459,Male,21,10430.0,242300.0,797.0,Employed,1,180,Semi-Urban,1
LP001460,Male,29,18550.0,439400.0,608.0,Self-Employed,2,120,Semi-Urban,1
LP001461,Male,29,4010.0,120400.0,769.0,Employed,0,360,Rural,1
LP001462,Male,27,4720.0,170800.0,564.0,Employed,3,180,Urban,1
LP001463,Female,47,3590.0,56100.0,732.0,Employed,2,360,Urban,1
LP001464,Male,35,8250.0,281700.0,670.0,Self-Employed,4,180,Rural,1
LP001465,Female,35,10080.0,311200.0,627.0,Employed,2,360,Semi-Urban,1
LP001466,Male,21,2080.0,66300.0,,Employed,0,360,Semi-Urban,1
LP001467,Male,44,1920.0,55100.0,531.0,Unemployed,0,360,Semi-Urban,0
LP001468,Female,24,2300.0,86300.0,630.0,Self-Employed,0,180,Semi-Urban,1
LP001469,Male,38,800.0,19700.0,659.0,Unemployed,0,180,Semi-Urban,0
LP001470,Female,41,7930.0,147700.0,692.0,Employed,1,360,Rural,1
LP001471,Male,52,4830.0,170500.0,561.0,Employed,2,360,Semi-Urban,1
LP001472,Female,23,12450.0,333300.0,626.0,Self-Employed,2,360,Urban,1
LP001473,Male,21,6840.0,150800.0,670.0,Employed,1,120,Semi-Urban,1
LP001474,Female,40,7360.0,223600.0,519.0,Self-Employed,0,360,Semi-Urban,0
LP001475,Male,57,2700.0,62300.0,665.0,Employed,0,120,Semi-Urban,1
LP001476,Female,51,4410.0,126000.0,734.0,Employed,0,180,Semi-Urban,1
LP001477,Male,40,8900.0,84600.0,669.0,Employed,0,60,Urban,1
LP001478,Male,32,5550.0,59900.0,699.0,Employed,1,120,Semi-Urban,1
LP001479,Female,46,7810.0,172500.0,716.0,Employed,0,360,Semi-Urban,1
LP001480,Male,27,14350.0,415600.0,654.0,Employed,0,60,Rural,0
LP001481,Male,43,2040.0,46300.0,634.0,Unemployed,0,240,Semi-Urban,1
LP001482,Female,43,5720.0,156400.0,789.0,Employed,1,180,Urban,1
LP001483,Male,49,3030.0,46100.0,565.0,Self-Employed,1,60,Semi-Urban,1
LP001484,Male,68,5370.0,154400.0,654.0,Self-Employed,1,120,Rural,1
LP001485,Male,42,9260.0,255100.0,850.0,Employed,0,180,Semi-Urban,1
LP001486,Female,32,3540.0,84600.0,622.0,Employed,3,60,Semi-Urban,0
LP001487,Male,37,6170.0,236600.0,677.0,Self-Employed,0,360,Semi-Urban,1
LP001488,Male,21,3250.0,70200.0,660.0,Employed,1,360,Urban,1
LP001489,Female,30,2760.0,45900.0,775.0,Self-Employed,1,120,Rural,1
LP001490,Female,33,5950.0,105000.0,609.0,Self-Employed,1,60,Urban,1
LP001491,Male,32,1280.0,48400.0,579.0,Unemployed,3,180,Semi-Urban,0
LP001492,Male,39,5980.0,,659.0,Employed,0,240,Urban,1
LP001493,Male,28,3240.0,73100.0,623.0,Employed,1,120,Urban,1
LP001494,Male,50,7060.0,81800.0,662.0,Employed,0,12,Semi-Urban,0
LP001495,Male,38,13960.0,408500.0,676.0,Employed,1,180,Semi-Urban,1
LP001496,Male,37,5890.0,197700.0,642.0,Self-Employed,0,360,Semi-Urban,1
LP001497,Male,34,6500.0,96900.0,763.0,Employed,0,180,Semi-Urban,1
LP001498,Male,39,9170.0,177900.0,624.0,Employed,1,180,Semi-Urban,1
LP001499,Female,47,3580.0,142800.0,690.0,Self-Employed,1,360,Semi-Urban,1
LP001500,Female,28,6650.0,169500.0,720.0,Employed,0,240,Semi-Urban,1
LP001501,Female,30,3610.0,45400.0,689.0,Employed,1,240,Semi-Urban,1
LP001502,Male,34,8740.0,244000.0,737.0,Employed,1,180,Semi-Urban,1
LP001503,Male,23,7020.0,247600.0,647.0,Self-Employed,0,360,Semi-Urban,1
LP001504,Female,28,6400.0,214400.0,726.0,Employed,1,240,Rural,1
LP001505,Female,32,3650.0,136000.0,728.0,Self-Employed,1,360,Urban,1
LP001506,Male,47,8010.0,224400.0,752.0,Employed,1,240,Rural,1
LP001507,Female,40,27150.0,500000.0,538.0,Self-Employed,0,240,Urban,0
LP001508,Female,40,3120.0,62300.0,718.0,Self-Employed,0,120,Urban,1
LP001509,Female,47,4510.0,85900.0,747.0,Employed,1,120,Urban,1
LP001510,Female,36,6170.0,102400.0,579.0,Employed,3,360,Semi-Urban,1
LP001511,Male,42,8370.0,127600.0,638.0,Employed,1,120,Urban,1
LP001512,Male,36,4270.0,68100.0,627.0,Self-Employed,0,180,Rural,1
LP001513,Female,40,1140.0,35300.0,602.0,Employed,1,120,Rural,1
LP001514,Female,31,11470.0,420700.0,694.0,Employed,2,360,Semi-Urban,1
LP001515,Male,21,8250.0,193200.0,850.0,Employed,0,60,Semi-Urban,1
LP001516,Male,36,2080.0,64300.0,568.0,Employed,4,360,Rural,0
LP001517,Male,53,3890.0,125700.0,575.0,Employed,3,240,Rural,0
LP001518,Female,48,12870.0,145000.0,681.0,Employed,0,60,Semi-Urban,1
LP001519,Female,48,12040.0,311000.0,489.0,Employed,3,180,Semi-Urban,0
LP001520,Male,51,12170.0,146700.0,627.0,Self-Employed,0,120,Semi-Urban,1
LP001521,Male,38,5580.0,133200.0,640.0,Self-Employed,2,120,Semi-Urban,0
LP001522,Male,40,5690.0,73500.0,612.0,Employed,0,180,Urban,1
LP001523,Female,31,1960.0,39600.0,669.0,Unemployed,0,36,Semi-Urban,0
LP001524,Female,34,1940.0,50700.0,582.0,Self-Employed,1,360,Urban,0
LP001525,Female,44,910.0,13100.0,612.0,Unemployed,2,36,Urban,0
LP001526,Male,51,4620.0,204600.0,790.0,Employed,0,240,Semi-Urban,1
LP001527,Male,36,9470.0,164200.0,708.0,Employed,1,180,Rural,1
LP001528,Male,33,5300.0,91500.0,669.0,Employed,0,240,Rural,1
LP001529,Male,38,16560.0,198000.0,698.0,Self-Employed,0,180,Semi-Urban,1
LP001530,Female,44,3750.0,158000.0,646.0,Employed,0,240,Semi-Urban,1
LP001531,Female,22,5270.0,140100.0,527.0,Employed,1,240,Urban,1
LP001532,Female,21,3270.0,38300.0,606.0,Employed,0,240,Semi-Urban,1
LP001533,Female,31,5450.0,54300.0,679.0,Employed,0,60,Urban,1
LP001534,Male,24,2410.0,46300.0,609.0,Employed,0,240,Urban,1
LP001535,Female,32,4150.0,87800.0,649.0,Employed,0,120,Semi-Urban,1
LP001536,Female,36,2470.0,18000.0,715.0,Employed,1,12,Urban,0
LP001537,Female,33,7960.0,283200.0,620.0,Employed,3,180,Urban,1
LP001538,Male,53,890.0,18400.0,659.0,Unemployed,0,180,Rural,1
LP001539,Male,41,10420.0,239400.0,632.0,Self-Employed,3,180,Urban,1
LP001540,Male,41,2070.0,69000.0,606.0,Unemployed,1,240,Urban,1
LP001541,Female,44,1880.0,37900.0,626.0,Self-Employed,1,120,Urban,1
LP001542,Male,25,11310.0,161400.0,580.0,Employed,1,120,Urban,1
LP001543,Male,49,21450.0,327200.0,614.0,Employed,2,36,Urban,1
LP001544,Female,37,6520.0,156400.0,625.0,Self-Employed,0,240,Semi-Urban,1
LP001545,Male,45,3820.0,112200.0,667.0,Employed,1,180,Urban,1
LP001546,Male,26,25680.0,367900.0,600.0,Employed,1,120,Rural,1
LP001547,Male,21,2630.0,73800.0,743.0,Employed,1,240,Urban,1
LP001548,Female,46,5490.0,139100.0,590.0,Employed,2,180,Semi-Urban,1
LP001549,Male,42,6000.0,128700.0,652.0,Employed,0,180,Semi-Urban,1
LP001550,Female,28,11380.0,203100.0,678.0,Employed,1,180,Semi-Urban,0
LP001551,Male,28,6620.0,211200.0,764.0,Employed,1,240,Semi-Urban,1
LP001552,Female,50,4450.0,119400.0,811.0,Self-Employed,0,240,Rural,1
LP001553,Male,24,3220.0,45000.0,817.0,Employed,0,120,Urban,1
LP001554,Male,56,4500.0,36900.0,583.0,Employed,1,60,Semi-Urban,1
LP001555,Female,28,3120.0,62100.0,617.0,Employed,2,60,Rural,1
LP001556,Male,45,6530.0,114400.0,637.0,Self-Employed,1,240,Urban,1
LP001557,Male,34,3980.0,175700.0,672.0,Employed,2,360,Urban,1
LP001558,Male,44,2390.0,60500.0,703.0,Employed,0,180,Urban,1
LP001559,Female,32,10830.0,151900.0,636.0,Employed,0,60,Semi-Urban,1
LP001560,Male,36,4130.0,198800.0,630.0,Employed,0,360,Urban,0
LP001561,Female,38,1280.0,47500.0,505.0,Unemployed,0,360,Urban,0
LP001562,Male,26,800.0,15700.0,380.0,Unemployed,0,360,Semi-Urban,0
LP001563,Male,46,5640.0,126100.0,582.0,Employed,0,240,Semi-Urban,1
LP001564,Male,32,2080.0,55300.0,745.0,Employed,1,360,Urban,1
LP001565,Male,35,7960.0,114200.0,789.0,Self-Employed,1,12,Urban,1
LP001566,Male,27,3050.0,54800.0,781.0,Employed,0,60,Semi-Urban,1
LP001567,Male,21,13920.0,146300.0,748.0,Employed,0,60,Rural,1
LP001568,Male,35,7250.0,197700.0,604.0,Employed,0,240,Semi-Urban,1
LP001569,Female,64,2090.0,15400.0,491.0,Unemployed,1,36,Rural,0
LP001570,Male,46,4030.0,123000.0,544.0,Employed,0,180,Urban,1
LP001571,Male,37,4420.0,146300.0,636.0,Employed,0,180,Urban,1
LP001572,Female,35,9800.0,241400.0,616.0,Self-Employed,3,120,Semi-Urban,1
LP001573,Male,38,4570.0,138000.0,569.0,Employed,2,360,Rural,1
LP001574,Male,44,4970.0,130900.0,712.0,Employed,0,60,Semi-Urban,1
LP001575,Female,25,1250.0,36500.0,628.0,Unemployed,0,180,Rural,0
LP001576,Female,50,5360.0,180500.0,644.0,Employed,0,360,Rural,1
LP001577,Male,45,,56300.0,544.0,Employed,2,36,Urban,0
LP001578,Female,45,3900.0,77400.0,783.0,Employed,1,240,Urban,1
LP001579,Male,42,4500.0,126700.0,682.0,Employed,0,360,Urban,1
LP001580,Male,38,1720.0,52000.0,825.0,Employed,1,360,Urban,1
LP001581,Male,45,9280.0,294800.0,686.0,,0,360,Urban,1
LP001582,Female,44,6400.0,186700.0,692.0,Employed,0,120,Rural,1
LP001583,Male,34,3670.0,71600.0,607.0,Self-Employed,0,180,Urban,1
LP001584,Male,31,15430.0,275300.0,648.0,Employed,1,36,Urban,0
LP001585,Male,39,5700.0,136700.0,563.0,Employed,0,120,Urban,1
LP001586,Male,55,3070.0,37800.0,579.0,Employed,0,60,Rural,0
LP001587,Male,24,11500.0,197100.0,735.0,Self-Employed,0,120,Semi-Urban,1
LP001588,Male,21,6760.0,237500.0,658.0,Employed,0,360,Rural,1
LP001589,Male,39,6750.0,206300.0,613.0,Employed,2,120,Rural,1
LP001590,Male,38,4300.0,125800.0,624.0,Employed,0,180,Semi-Urban,1
LP001591,Male,39,6960.0,153700.0,651.0,Employed,0,180,Urban,1
LP001592,Male,40,4700.0,149400.0,764.0,Employed,1,180,Urban,1
LP001593,Male,35,9310.0,210600.0,655.0,Self-Employed,2,360,Urban,1
LP001594,Male,54,1910.0,30900.0,556.0,Employed,2,120,Semi-Urban,0
LP001595,Female,21,4280.0,109200.0,757.0,Employed,1,240,Urban,1
LP001596,Male,28,14010.0,338100.0,809.0,Employed,0,180,Urban,1
LP001597,Female,36,3690.0,68400.0,717.0,Self-Employed,1,36,Semi-Urban,1
LP001598,Male,21,3900.0,136900.0,746.0,Employed,1,180,Semi-Urban,1
LP001599,Male,36,4250.0,80700.0,771.0,Employed,0,360,Semi-Urban,1
LP001600,Male,56,2780.0,52700.0,485.0,Employed,3,60,Urban,0
LP001601,Male,38,1610.0,13100.0,819.0,Employed,0,36,Rural,1
LP001602,Male,40,4780.0,44600.0,692.0,Employed,4,60,Semi-Urban,1
LP001603,Male,24,5850.0,239700.0,681.0,Employed,2,360,Urban,1
LP001604,Male,31,5280.0,183000.0,670.0,Employed,1,240,Rural,1
LP001605,Male,33,5020.0,174800.0,509.0,Employed,3,180,Rural,0
LP001606,Male,34,5560.0,185800.0,655.0,Employed,1,180,Urban,1
LP001607,Male,52,9530.0,432700.0,713.0,Employed,0,360,Urban,1
LP001608,Male,44,4890.0,88000.0,597.0,Employed,0,360,Semi-Urban,1
LP001609,Male,25,4220.0,167800.0,674.0,Self-Employed,0,360,Urban,1
LP001610,Female,40,1790.0,46900.0,491.0,Unemployed,0,360,Rural,0
LP001611,Male,43,1530.0,19100.0,551.0,Unemployed,1,240,Urban,1
LP001612,Female,50,5180.0,70200.0,578.0,Self-Employed,0,180,Rural,1
LP001613,Male,55,3840.0,128500.0,570.0,Employed,0,360,Semi-Urban,1
LP001614,Male,26,6760.0,177100.0,705.0,Self-Employed,1,360,Semi-Urban,1
LP001615,Female,29,6540.0,43100.0,601.0,Employed,2,12,Urban,1
LP001616,Female,24,3150.0,27800.0,643.0,Employed,0,36,Urban,1
LP001617,Male,35,5490.0,72500.0,632.0,Employed,0,360,Urban,1
LP001618,Male,43,2430.0,,850.0,,0,120,Urban,1
LP001619,Female,48,1830.0,29400.0,725.0,Self-Employed,1,360,Urban,1
LP001620,Female,37,6650.0,226600.0,733.0,Employed,0,180,Rural,1
LP001621,Male,34,4400.0,49300.0,621.0,Employed,1,60,Urban,1
LP001622,Male,39,800.0,12900.0,617.0,Unemployed,0,60,Semi-Urban,1
LP001623,Male,28,6070.0,160700.0,662.0,Employed,0,60,Semi-Urban,1
LP001624,Male,60,2740.0,86500.0,551.0,Employed,3,120,Rural,0
LP001625,Male,21,2160.0,66300.0,724.0,Unemployed,0,180,Rural,0
LP001626,Male,40,5350.0,180800.0,722.0,Employed,0,240,Urban,1
LP001627,Male,60,5300.0,165500.0,719.0,Employed,0,360,Rural,1
LP001628,Female,38,2760.0,66000.0,607.0,Employed,1,180,Semi-Urban,1
LP001629,Male,35,11670.0,156100.0,584.0,Employed,1,180,Rural,1
LP001630,Male,34,2440.0,89700.0,675.0,Self-Employed,0,180,Semi-Urban,1
LP001631,Female,36,4880.0,182900.0,636.0,Employed,0,180,Semi-Urban,1
LP001632,Female,53,3060.0,44300.0,725.0,Employed,0,180,Urban,1
LP001633,Male,21,7430.0,59800.0,730.0,Employed,1,12,Urban,1
LP001634,Male,54,4530.0,35000.0,649.0,Employed,2,12,Semi-Urban,0
LP001635,Male,22,800.0,12000.0,642.0,Unemployed,1,60,Rural,1
LP001636,Male,35,9240.0,198700.0,694.0,Employed,1,60,Semi-Urban,1
LP001637,Male,33,3740.0,68000.0,614.0,Employed,0,240,Urban,1
LP001638,Male,44,1910.0,49400.0,665.0,Employed,0,120,Rural,1
LP001639,Male,21,7560.0,245600.0,690.0,Self-Employed,0,360,Semi-Urban,1
LP001640,Male,43,1120.0,44000.0,649.0,Unemployed,0,360,Urban,1
LP001641,Male,60,5760.0,156000.0,696.0,Employed,0,360,Urban,1
LP001642,Male,23,4560.0,109800.0,637.0,Employed,1,360,Urban,1
LP001643,Male,40,7670.0,121400.0,752.0,Employed,1,120,Rural,1
LP001644,Male,30,5970.0,201100.0,638.0,Self-Employed,3,180,Rural,0
LP001645,Male,42,6080.0,113700.0,795.0,Employed,0,60,Urban,1
LP001646,Female,38,2030.0,64900.0,686.0,Self-Employed,1,360,Urban,1
LP001647,Male,30,15350.0,424000.0,567.0,Employed,2,360,Rural,1
LP001648,Female,43,5630.0,125200.0,768.0,Self-Employed,1,360,Rural,1
LP001649,Female,57,7970.0,153800.0,636.0,Employed,0,180,Semi-Urban,1
LP001650,Male,35,3430.0,142000.0,702.0,Employed,0,360,Semi-Urban,1
LP001651,Male,45,6430.0,104200.0,693.0,Employed,0,60,Urban,1
LP001652,Male,23,2650.0,39000.0,683.0,Employed,0,36,Semi-Urban,1
LP001653,Male,27,870.0,31200.0,567.0,Unemployed,1,360,Urban,0
LP001654,Female,43,1370.0,21000.0,556.0,Self-Employed,0,180,Rural,0
LP001655,Male,54,7640.0,203700.0,604.0,Self-Employed,0,360,Urban,1
LP001656,Male,41,8660.0,201500.0,764.0,Employed,1,60,Rural,1
LP001657,Male,34,2690.0,51600.0,677.0,Employed,2,360,Urban,1
LP001658,Male,37,10150.0,154300.0,823.0,Self-Employed,1,180,Rural,1
LP001659,Male,24,5590.0,221000.0,602.0,Employed,1,360,Urban,1
LP001660,Male,44,13080.0,218100.0,677.0,Employed,0,360,Semi-Urban,1
LP001661,Male,47,3390.0,95000.0,767.0,Employed,0,360,Semi-Urban,1
LP001662,Female,33,25560.0,500000.0,637.0,Employed,0,120,Urban,1
LP001663,Male,32,1460.0,59200.0,643.0,Employed,1,360,Rural,1
LP001664,Male,40,4530.0,56100.0,587.0,Employed,3,60,Semi-Urban,1
LP001665,Male,33,2130.0,42700.0,646.0,Employed,0,60,Semi-Urban,1
LP001666,Male,37,1300.0,37500.0,619.0,Unemployed,1,180,Rural,0
LP001667,Male,61,6400.0,118000.0,546.0,Employed,0,360,Rural,1
LP001668,Male,35,5860.0,186200.0,803.0,Employed,1,180,Semi-Urban,1
LP001669,Male,34,4640.0,95100.0,608.0,Employed,0,360,Rural,1
LP001670,Male,30,5860.0,71600.0,521.0,Self-Employed,0,240,Urban,1
LP001671,Male,46,29850.0,500000.0,644.0,Employed,2,120,Urban,1
LP001672,Female,36,4710.0,119800.0,651.0,Employed,1,360,Semi-Urban,1
LP001673,Male,30,7190.0,115500.0,666.0,Employed,1,36,Urban,0
LP001674,Male,52,3800.0,56700.0,703.0,Employed,0,360,Semi-Urban,1
LP001675,Male,53,6390.0,113900.0,728.0,Employed,0,120,Urban,1
LP001676,Female,31,5340.0,90500.0,806.0,Self-Employed,0,180,Semi-Urban,1
LP001677,Male,21,4730.0,132200.0,593.0,Self-Employed,2,180,Rural,0
LP001678,Male,49,14770.0,251700.0,668.0,Employed,4,60,Semi-Urban,0
LP001679,Female,30,10380.0,152700.0,733.0,Employed,0,180,Rural,1
LP001680,Female,46,1320.0,38900.0,381.0,Unemployed,0,60,Rural,0
LP001681,Female,21,5860.0,102500.0,582.0,Employed,2,120,Urban,0
LP001682,Male,47,5780.0,80000.0,583.0,Self-Employed,0,60,Urban,1
LP001683,Male,24,1500.0,51600.0,713.0,Employed,1,180,Urban,0
LP001684,Female,46,1480.0,59200.0,605.0,Unemployed,0,360,Rural,0
LP001685,Female,38,13660.0,420500.0,706.0,Self-Employed,1,180,Urban,1
LP001686,Male,27,800.0,27700.0,557.0,Unemployed,1,360,Urban,0
LP001687,Male,33,17320.0,361600.0,629.0,Self-Employed,2,240,Rural,1
LP001688,Male,45,3230.0,74000.0,642.0,Employed,2,240,Semi-Urban,1
LP001689,Female,39,800.0,28600.0,549.0,Unemployed,0,240,Urban,0
LP001690,Male,44,6270.0,182300.0,738.0,Employed,1,180,Urban,1
LP001691,Male,59,1420.0,37400.0,564.0,Employed,2,240,Rural,0
LP001692,Male,21,,173100.0,621.0,Self-Employed,0,36,Rural,0
LP001693,Male,55,3570.0,132900.0,689.0,Self-Employed,0,360,Urban,1
LP001694,Male,39,1230.0,36100.0,552.0,Unemployed,0,360,Semi-Urban,0
LP001695,Male,28,5980.0,153400.0,596.0,Employed,1,120,Rural,1
LP001696,Male,23,22790.0,313800.0,719.0,Self-Employed,0,360,Semi-Urban,1
LP001697,Male,35,9590.0,90900.0,637.0,Self-Employed,1,12,Rural,0
LP001698,Male,48,3800.0,95400.0,616.0,Employed,0,120,Semi-Urban,1
LP001699,Male,36,4660.0,66900.0,631.0,Employed,2,36,Rural,1
LP001700,Male,54,15120.0,250300.0,613.0,Employed,0,360,Urban,1
LP001701,Male,22,3230.0,77800.0,677.0,Employed,0,360,Urban,1
LP001702,Male,37,800.0,29000.0,553.0,Unemployed,1,360,Semi-Urban,0
LP001703,Male,24,5930.0,44800.0,641.0,Employed,1,12,Semi-Urban,0
LP001704,Male,41,16370.0,500000.0,642.0,Self-Employed,0,180,Rural,1
LP001705,Male,47,970.0,27300.0,654.0,Unemployed,0,240,Urban,0
LP001706,Female,33,6450.0,144400.0,707.0,Employed,0,60,Rural,1
LP001707,Male,21,10060.0,267200.0,551.0,Self-Employed,1,240,Urban,0
LP001708,Female,40,7860.0,188400.0,711.0,Employed,2,60,Semi-Urban,1
LP001709,Male,42,21800.0,496300.0,718.0,Self-Employed,1,60,Urban,1
LP001710,Female,42,2110.0,28400.0,714.0,Employed,1,180,Semi-Urban,1
LP001711,Female,51,870.0,30200.0,646.0,Unemployed,1,240,Semi-Urban,1
LP001712,Male,26,2800.0,30900.0,681.0,Employed,0,60,Urban,1
LP001713,Male,45,6610.0,125500.0,656.0,Employed,4,60,Urban,1
LP001714,Male,51,2730.0,45000.0,610.0,Self-Employed,2,120,Semi-Urban,0
LP001715,Male,21,2390.0,29500.0,743.0,Employed,0,120,Rural,1
LP001716,Female,41,1690.0,33000.0,696.0,Employed,0,120,Urban,1
LP001717,Female,32,8080.0,262000.0,576.0,Employed,0,180,Urban,1
LP001718,Female,37,4310.0,92100.0,757.0,Self-Employed,0,240,Urban,1
LP001719,Male,41,27170.0,500000.0,670.0,Employed,1,180,Rural,1
LP001720,Female,32,3140.0,121000.0,659.0,Employed,1,360,Urban,0
LP001721,Female,30,3270.0,93500.0,611.0,Employed,2,240,Urban,1
LP001722,Male,38,3980.0,52000.0,652.0,Employed,1,60,Rural,1
LP001723,Male,26,6210.0,98200.0,697.0,Employed,1,36,Semi-Urban,1
LP001724,Female,26,4190.0,109900.0,605.0,Employed,1,360,Urban,1
LP001725,Male,45,7610.0,111700.0,562.0,Employed,0,36,Rural,1
LP001726,Female,25,3170.0,59000.0,600.0,Employed,0,60,Semi-Urban,1
LP001727,Male,45,2540.0,37600.0,708.0,Employed,1,12,Semi-Urban,0
LP001728,Female,43,1790.0,30400.0,667.0,Self-Employed,0,240,Urban,1
LP001729,Male,21,1600.0,19900.0,763.0,Employed,0,180,Rural,1
LP001730,Male,30,4080.0,64200.0,640.0,Employed,2,360,Urban,1
LP001731,Male,51,5110.0,86700.0,743.0,Self-Employed,1,360,Urban,1
LP001732,Female,27,3840.0,139800.0,628.0,Employed,0,180,Urban,1
LP001733,Female,32,15070.0,184800.0,647.0,Self-Employed,1,180,Semi-Urban,1
LP001734,Male,43,10670.0,300800.0,645.0,Employed,2,120,Semi-Urban,1
LP001735,Male,46,4520.0,46700.0,668.0,Employed,0,60,Semi-Urban,1
LP001736,Female,35,2030.0,37100.0,661.0,Employed,0,60,Urban,1
LP001737,Male,31,4240.0,114100.0,544.0,Self-Employed,3,60,Semi-Urban,0
LP001738,Female,53,4150.0,88700.0,561.0,Self-Employed,0,60,Semi-Urban,1
LP001739,Male,57,3780.0,86700.0,727.0,Employed,0,120,Urban,1
LP001740,Male,48,3700.0,65300.0,718.0,Employed,1,120,Rural,1
LP001741,Male,38,980.0,18000.0,498.0,Unemployed,2,360,Urban,0
LP001742,Male,29,6530.0,147400.0,708.0,Employed,0,180,Semi-Urban,1
LP001743,Female,28,3320.0,132900.0,667.0,Employed,0,360,Urban,1
LP001744,Male,43,800.0,18000.0,662.0,Unemployed,0,180,Semi-Urban,0
LP001745,Male,42,8120.0,273700.0,511.0,Self-Employed,5,180,Rural,0
LP001746,Female,53,3290.0,97500.0,670.0,Employed,0,120,Rural,1
LP001747,Male,45,15360.0,200000.0,664.0,Self-Employed,1,60,Urban,1
LP001748,Male,21,3180.0,65200.0,622.0,Self-Employed,3,60,Semi-Urban,0
LP001749,Female,49,2230.0,90100.0,795.0,Employed,0,360,Urban,1
LP001750,Male,27,6700.0,178600.0,600.0,Employed,4,360,Rural,1
LP001751,Male,33,3460.0,78500.0,665.0,Employed,3,36,Semi-Urban,1
LP001752,Female,40,1410.0,16400.0,533.0,Unemployed,2,60,Urban,0
LP001753,Male,59,7900.0,114700.0,760.0,Self-Employed,0,180,Urban,1
LP001754,Male,68,,52300.0,736.0,Employed,1,60,Rural,1
LP001755,Male,44,4610.0,77000.0,620.0,Self-Employed,2,180,Semi-Urban,1
LP001756,Female,35,9320.0,214300.0,579.0,Employed,4,60,Urban,1
LP001757,Male,43,6320.0,227700.0,716.0,Employed,0,180,Urban,1
LP001758,Male,47,2530.0,76400.0,595.0,Employed,2,120,Urban,0
LP001759,Female,34,4170.0,107300.0,694.0,Employed,0,180,Semi-Urban,1
LP001760,Female,57,5710.0,142600.0,653.0,Self-Employed,0,60,Rural,0
LP001761,Male,40,2150.0,37900.0,707.0,Employed,0,180,Rural,1
LP001762,Male,43,10400.0,243400.0,632.0,Self-Employed,2,360,Semi-Urban,1
LP001763,Male,45,4790.0,69100.0,628.0,Employed,1,120,Rural,1
LP001764,Female,42,2530.0,65200.0,762.0,Employed,1,360,Semi-Urban,1
LP001765,Male,47,1150.0,42800.0,527.0,Unemployed,5,360,Urban,0
LP001766,Male,31,2450.0,65300.0,675.0,Employed,0,360,Rural,1
LP001767,Female,31,6960.0,160800.0,711.0,Employed,1,360,Urban,1
LP001768,Female,25,9450.0,349200.0,554.0,Employed,0,240,Urban,0
LP001769,Male,42,2100.0,46300.0,836.0,Self-Employed,0,360,Rural,1
LP001770,Female,46,9850.0,127900.0,681.0,Employed,1,36,Urban,1
LP001771,Male,43,5540.0,192600.0,462.0,Employed,3,180,Semi-Urban,0
LP001772,Female,56,9900.0,383400.0,769.0,Employed,1,360,Rural,1
LP001773,Male,37,5230.0,198800.0,588.0,Employed,2,360,Semi-Urban,1
LP001774,Male,45,1080.0,47000.0,758.0,Self-Employed,0,360,Urban,1
LP001775,Female,25,5000.0,186900.0,689.0,Employed,0,360,Urban,1
LP001776,Male,33,9730.0,358900.0,562.0,Employed,1,360,Urban,1
LP001777,Male,45,3320.0,59700.0,699.0,Employed,0,240,Semi-Urban,1
LP001778,Female,47,4390.0,83400.0,694.0,,0,360,Rural,1
LP001779,Female,34,1250.0,33700.0,666.0,Unemployed,1,180,Semi-Urban,0
LP001780,Male,37,,47600.0,719.0,Employed,0,360,Semi-Urban,1
LP001781,Female,21,1650.0,45300.0,487.0,Unemployed,0,360,Semi-Urban,0
LP001782,Male,34,5150.0,178800.0,755.0,Employed,1,360,Semi-Urban,1
LP001783,Male,47,7170.0,149600.0,648.0,Employed,1,240,Rural,1
LP001784,Male,44,5940.0,144800.0,739.0,Self-Employed,3,120,Urban,1
LP001785,Male,43,10850.0,256500.0,653.0,Employed,1,36,Rural,0
LP001786,Female,38,8390.0,378400.0,664.0,Self-Employed,0,360,Semi-Urban,1
LP001787,Male,38,800.0,31100.0,448.0,Unemployed,3,180,Urban,0
LP001788,Male,30,2190.0,34300.0,607.0,Employed,2,120,Urban,1
LP001789,Male,45,3070.0,30900.0,622.0,Employed,0,60,Urban,1
LP001790,Female,42,13520.0,217800.0,768.0,Self-Employed,0,360,Semi-Urban,1
LP001791,Male,43,6090.0,207700.0,580.0,Employed,1,360,Urban,1
LP001792,Male,32,4360.0,113800.0,740.0,Employed,1,360,Rural,1
LP001793,Male,21,7100.0,286900.0,707.0,Employed,2,240,Semi-Urban,1
LP001794,Male,50,7170.0,189000.0,783.0,Employed,1,180,Rural,1
LP001795,Male,32,25430.0,380700.0,683.0,Self-Employed,1,120,Urban,1
LP001796,Female,28,5940.0,42900.0,532.0,Employed,4,12,Urban,1
LP001797,Female,45,3030.0,103900.0,667.0,Employed,1,360,Urban,1
LP001798,Male,33,5100.0,53100.0,724.0,Employed,0,60,Urban,1
LP001799,Female,49,7590.0,221900.0,651.0,Employed,2,240,Rural,1
LP001800,Female,44,9390.0,181700.0,707.0,Employed,0,180,Urban,1
LP001801,Female,45,2040.0,36600.0,747.0,Self-Employed,2,180,Semi-Urban,1
LP001802,Male,22,6250.0,156700.0,,Employed,3,360,Urban,0
LP001803,Male,51,3370.0,64400.0,694.0,Self-Employed,1,36,Semi-Urban,1
LP001804,Male,40,4240.0,144700.0,541.0,Self-Employed,1,360,Rural,0
LP001805,Male,33,8650.0,93100.0,621.0,Employed,1,36,Semi-Urban,1
LP001806,Female,39,8190.0,122200.0,649.0,Employed,0,36,Semi-Urban,1
LP001807,Female,21,3740.0,,531.0,Employed,0,180,Urban,1
LP001808,Female,42,4980.0,105300.0,,Employed,1,36,Rural,0
LP001809,Male,26,4340.0,85800.0,624.0,Self-Employed,2,360,Semi-Urban,1
LP001810,Male,23,35000.0,500000.0,672.0,Self-Employed,1,180,Semi-Urban,1
LP001811,Female,21,6330.0,49800.0,717.0,Employed,0,12,Semi-Urban,1
LP001812,Female,50,3420.0,70200.0,664.0,Employed,1,36,Rural,0
LP001813,Male,31,1540.0,27500.0,563.0,Unemployed,2,240,Semi-Urban,0
LP001814,Female,54,1500.0,52600.0,548.0,Unemployed,1,360,Semi-Urban,1
LP001815,Female,32,11240.0,343600.0,683.0,Employed,1,180,Semi-Urban,1
LP001816,Male,21,17130.0,266400.0,678.0,Employed,2,180,Urban,1
LP001817,Male,25,8020.0,302800.0,790.0,Employed,1,360,Semi-Urban,1
LP001818,Male,51,940.0,14900.0,541.0,Unemployed,0,240,Semi-Urban,0
LP001819,Male,36,5430.0,136800.0,655.0,Employed,2,120,Semi-Urban,1
LP001820,Male,31,2320.0,82700.0,745.0,Employed,0,240,Semi-Urban,1
LP001821,Female,39,7120.0,187500.0,502.0,Employed,5,240,Urban,0
LP001822,Male,43,8590.0,221500.0,829.0,Employed,0,240,Rural,1
LP001823,Male,50,3900.0,120000.0,768.0,Employed,0,240,Rural,1
LP001824,Male,53,1190.0,33000.0,416.0,Unemployed,2,360,Rural,0
LP001825,Male,34,10310.0,127700.0,707.0,Employed,0,60,Urban,1
LP001826,Female,23,2750.0,70600.0,637.0,Employed,1,360,Semi-Urban,1
LP001827,Male,33,4300.0,145200.0,615.0,Employed,2,180,Rural,0
LP001828,Male,40,5850.0,190300.0,671.0,Employed,2,240,Semi-Urban,1
LP001829,Female,27,3800.0,68100.0,688.0,Employed,5,60,Semi-Urban,1
LP001830,Male,27,8000.0,161700.0,645.0,Employed,0,180,Rural,1
LP001831,Male,41,4060.0,121300.0,646.0,Employed,1,360,Semi-Urban,1
LP001832,Male,37,6260.0,263100.0,707.0,Employed,0,240,Semi-Urban,1
LP001833,Male,38,5790.0,115500.0,722.0,Employed,0,36,Urban,1
LP001834,Male,29,14100.0,325100.0,569.0,Employed,2,180,Urban,1
LP001835,Male,35,1290.0,22500.0,709.0,Unemployed,0,60,Urban,1
LP001836,Male,27,1570.0,28500.0,531.0,Unemployed,1,360,Rural,0
LP001837,Female,47,3180.0,89600.0,752.0,Employed,1,360,Semi-Urban,1
LP001838,Male,49,2600.0,25000.0,713.0,Employed,1,12,Semi-Urban,1
LP001839,Male,21,1360.0,53600.0,555.0,Unemployed,4,360,Rural,0
LP001840,Male,27,4820.0,108500.0,633.0,Employed,0,360,Semi-Urban,1
LP001841,Male,21,16440.0,354000.0,550.0,Self-Employed,1,180,Semi-Urban,0
LP001842,Female,30,1750.0,47200.0,543.0,Unemployed,2,240,Urban,0
LP001843,Male,37,5820.0,94700.0,678.0,Employed,1,180,Rural,0
LP001844,Female,22,3560.0,75300.0,608.0,Employed,0,240,Urban,1
LP001845,Male,27,1730.0,43100.0,648.0,Unemployed,1,120,Urban,0
LP001846,Male,26,6500.0,142200.0,676.0,Employed,0,120,Urban,1
LP001847,Male,40,9290.0,175200.0,619.0,Employed,0,180,Urban,1
LP001848,Female,38,5430.0,94000.0,688.0,Employed,2,60,Urban,1
LP001849,Male,30,7920.0,268000.0,725.0,Employed,1,360,Semi-Urban,1
LP001850,Male,39,1400.0,41000.0,556.0,Self-Employed,3,120,Urban,0
LP001851,Male,31,8630.0,258200.0,737.0,Self-Employed,2,180,Semi-Urban,1
LP001852,Female,35,800.0,31600.0,748.0,Unemployed,1,360,Urban,1
LP001853,Male,56,3820.0,109000.0,598.0,Employed,0,180,Urban,1
LP001854,Female,52,6380.0,129400.0,666.0,Employed,0,180,Semi-Urban,0
LP001855,Male,23,2800.0,54900.0,705.0,Employed,0,360,Rural,1
LP001856,Male,47,6970.0,99600.0,781.0,Employed,3,360,Rural,1
LP001857,Male,46,6170.0,107600.0,624.0,Employed,0,60,Rural,1
LP001858,Male,25,1700.0,32500.0,509.0,Unemployed,0,180,Semi-Urban,0
LP001859,Male,47,3140.0,110300.0,609.0,Self-Employed,1,360,Semi-Urban,1
LP001860,Male,54,13260.0,314600.0,771.0,Employed,0,180,Semi-Urban,1
LP001861,Female,25,16240.0,465500.0,626.0,Employed,0,180,Semi-Urban,1
LP001862,Male,27,6740.0,146100.0,616.0,Employed,1,60,Urban,1
LP001863,Male,49,13030.0,189800.0,697.0,Employed,0,60,Semi-Urban,1
LP001864,Male,40,4240.0,58400.0,703.0,Self-Employed,0,240,Urban,1
LP001865,Male,44,3500.0,54700.0,760.0,Employed,0,360,Semi-Urban,1
LP001866,Male,41,830.0,31800.0,586.0,Unemployed,1,360,Semi-Urban,0
LP001867,Male,42,5560.0,138900.0,698.0,Employed,1,360,Urban,1
LP001868,Male,23,7150.0,126000.0,672.0,Employed,0,120,Urban,1
LP001869,Female,49,10700.0,149200.0,582.0,Self-Employed,1,36,Urban,1
LP001870,Female,50,9100.0,323600.0,665.0,Employed,0,360,Rural,1
LP001871,Male,35,2770.0,68500.0,614.0,Employed,3,120,Urban,1
LP001872,Male,37,6430.0,90500.0,646.0,Employed,0,120,Urban,1
LP001873,Male,21,2750.0,45600.0,562.0,Employed,1,360,Rural,0
LP001874,Male,43,5170.0,161400.0,559.0,Self-Employed,2,180,Semi-Urban,1
LP001875,Male,44,7720.0,119700.0,642.0,Employed,2,120,Urban,1
LP001876,Male,37,3080.0,100500.0,749.0,Self-Employed,0,360,Urban,1
LP001877,Female,50,7390.0,268800.0,806.0,Employed,0,360,Urban,1
LP001878,Female,34,2380.0,27900.0,666.0,Employed,1,60,Urban,1
LP001879,Male,44,14050.0,500000.0,626.0,Self-Employed,0,360,Urban,1
LP001880,Male,26,3770.0,53200.0,617.0,Employed,2,180,Semi-Urban,1
LP001881,Male,37,3090.0,59300.0,601.0,Employed,1,180,Rural,1
LP001882,Female,36,2470.0,58800.0,739.0,Employed,1,360,Semi-Urban,1
LP001883,Male,40,3950.0,133100.0,840.0,Employed,0,360,Semi-Urban,1
LP001884,Male,33,1900.0,33800.0,628.0,Employed,1,120,Urban,1
LP001885,Female,36,4020.0,65300.0,590.0,Employed,1,120,Urban,1
LP001886,Male,47,9940.0,267000.0,720.0,Employed,2,60,Rural,1
LP001887,Female,33,4900.0,181000.0,703.0,Employed,0,180,Urban,1
LP001888,Male,21,1460.0,9700.0,605.0,Unemployed,0,12,Rural,0
LP001889,Male,57,7070.0,110500.0,799.0,Employed,0,180,Semi-Urban,1
LP001890,Male,53,,53500.0,577.0,Self-Employed,0,36,Rural,0
LP001891,Female,23,18000.0,500000.0,575.0,Employed,1,180,Urban,1
LP001892,Female,45,6040.0,101900.0,597.0,Employed,3,36,Urban,0
LP001893,Female,32,5690.0,134000.0,684.0,Self-Employed,0,360,Semi-Urban,1
LP001894,Male,40,9230.0,213200.0,,Employed,2,120,Rural,1
LP001895,Female,41,7510.0,147100.0,850.0,Self-Employed,0,120,Urban,1
LP001896,Male,35,6770.0,260100.0,656.0,Employed,0,360,Rural,1
LP001897,Male,29,21390.0,500000.0,638.0,Employed,0,240,Urban,1
LP001898,Female,30,4670.0,79300.0,689.0,Employed,0,120,Urban,1
LP001899,Male,27,4560.0,103400.0,682.0,Employed,3,36,Semi-Urban,0
LP001900,Male,28,6850.0,216000.0,625.0,Self-Employed,0,240,Semi-Urban,1
LP001901,Male,37,9790.0,322200.0,668.0,Employed,1,180,Rural,1
LP001902,Male,30,800.0,22700.0,654.0,Unemployed,1,360,Semi-Urban,0
LP001903,Male,45,800.0,29900.0,589.0,Unemployed,3,180,Urban,0
LP001904,Male,54,2370.0,50900.0,696.0,Employed,0,120,Semi-Urban,1
LP001905,Male,31,1840.0,60400.0,850.0,Employed,0,180,Urban,1
LP001906,Female,40,4180.0,114700.0,828.0,Self-Employed,0,240,Semi-Urban,1
LP001907,Female,43,1250.0,30200.0,474.0,Unemployed,0,360,Semi-Urban,0
LP001908,Male,43,3650.0,46200.0,553.0,Employed,0,36,Urban,1
LP001909,Male,38,4100.0,71000.0,704.0,Employed,2,180,Semi-Urban,1
LP001910,Male,46,5900.0,52300.0,782.0,Employed,1,36,Semi-Urban,1
LP001911,Male,43,24940.0,500000.0,663.0,Self-Employed,1,180,Semi-Urban,1
LP001912,Male,24,,102100.0,642.0,Employed,1,360,Semi-Urban,1
LP001913,Male,47,3080.0,95200.0,618.0,Self-Employed,0,180,Urban,1
LP001914,Male,47,3670.0,66800.0,592.0,Employed,0,360,Urban,1
LP001915,Male,29,5910.0,210500.0,695.0,Employed,5,240,Urban,1
LP001916,Male,38,7510.0,99400.0,616.0,Employed,2,360,Urban,1
LP001917,Male,45,8110.0,150500.0,667.0,Employed,2,360,Semi-Urban,1
LP001918,Female,35,8560.0,132600.0,508.0,Employed,2,60,Rural,0
LP001919,Female,49,9260.0,297600.0,755.0,Employed,0,120,Semi-Urban,1
LP001920,Male,64,4660.0,49500.0,724.0,Employed,0,180,Semi-Urban,1
LP001921,Female,29,16800.0,268400.0,579.0,Employed,0,60,Semi-Urban,0
LP001922,Male,22,4470.0,113100.0,699.0,Employed,0,180,Urban,1
LP001923,Female,41,1560.0,53000.0,580.0,Unemployed,0,180,Rural,0
LP001924,Female,45,5770.0,230100.0,646.0,Employed,1,360,Rural,1
LP001925,Male,35,5440.0,74600.0,462.0,Employed,1,180,Semi-Urban,0
LP001926,Male,53,12620.0,192400.0,595.0,Employed,2,360,Urban,1
LP001927,Male,23,1110.0,30200.0,602.0,Unemployed,1,360,Semi-Urban,1
LP001928,Male,45,8730.0,278700.0,568.0,Employed,3,360,Urban,1
LP001929,Male,31,2460.0,34500.0,663.0,Self-Employed,0,120,Semi-Urban,1
LP001930,Male,56,10670.0,141200.0,792.0,Self-Employed,0,180,Rural,1
LP001931,Male,59,6730.0,169500.0,674.0,Employed,1,120,Urban,1
LP001932,Female,29,10420.0,180700.0,522.0,Employed,0,180,Rural,1
LP001933,Female,31,3890.0,69900.0,666.0,Self-Employed,0,180,Rural,1
LP001934,Male,47,9390.0,209300.0,687.0,Employed,0,360,Rural,1
LP001935,Male,33,5930.0,79200.0,618.0,Employed,0,180,Semi-Urban,1
LP001936,Male,37,21730.0,500000.0,735.0,Self-Employed,1,180,Urban,1
LP001937,Male,38,25140.0,459800.0,570.0,Employed,0,360,Semi-Urban,1
LP001938,Female,21,18520.0,259700.0,669.0,Self-Employed,1,36,Semi-Urban,0
LP001939,Male,37,7070.0,136400.0,569.0,Employed,1,180,Urban,1
LP001940,Male,30,32040.0,500000.0,657.0,Self-Employed,0,360,Semi-Urban,1
LP001941,Male,32,7570.0,64300.0,733.0,Employed,0,60,Semi-Urban,1
LP001942,Male,53,3300.0,125700.0,667.0,Employed,0,240,Urban,1
LP001943,Female,24,5320.0,74900.0,663.0,Employed,0,120,Urban,1
LP001944,Female,46,1810.0,78300.0,582.0,Unemployed,1,360,Urban,0
LP001945,Male,34,3430.0,53700.0,650.0,Employed,2,120,Semi-Urban,1
LP001946,Male,34,9930.0,163400.0,732.0,Employed,1,120,Semi-Urban,1
LP001947,Male,46,8750.0,240500.0,732.0,Employed,0,180,Urban,1
LP001948,Female,41,4130.0,116400.0,786.0,Employed,1,60,Rural,1
LP001949,Female,44,7460.0,94100.0,692.0,Employed,1,120,Urban,1
LP001950,Male,48,2370.0,28500.0,555.0,Employed,1,180,Semi-Urban,0
LP001951,Male,34,6010.0,142200.0,744.0,Employed,1,180,Semi-Urban,1
LP001952,Female,31,6970.0,179100.0,781.0,Employed,1,180,Rural,1
LP001953,Male,26,13890.0,416900.0,850.0,Employed,1,180,Urban,1
LP001954,Female,28,3550.0,75900.0,788.0,Employed,1,180,Rural,1
LP001955,Male,68,2580.0,40400.0,643.0,Self-Employed,0,240,Rural,1
LP001956,Male,51,3320.0,81600.0,694.0,Employed,1,120,Semi-Urban,1
LP001957,Male,23,2600.0,45500.0,659.0,Employed,0,60,Semi-Urban,1
LP001958,Male,23,11330.0,377400.0,649.0,Employed,0,360,Urban,1
LP001959,Male,43,800.0,17300.0,501.0,Unemployed,4,360,Semi-Urban,0
LP001960,Female,44,800.0,18600.0,606.0,Unemployed,3,120,Semi-Urban,0
LP001961,Male,44,18660.0,500000.0,560.0,Self-Employed,0,180,Semi-Urban,1
LP001962,Male,35,6480.0,185800.0,604.0,Employed,0,180,Semi-Urban,1
LP001963,Male,36,10630.0,250500.0,771.0,Employed,0,180,Semi-Urban,1
LP001964,Male,41,5850.0,158100.0,789.0,Employed,1,240,Urban,1
LP001965,Male,38,,86900.0,595.0,Employed,2,36,Urban,0
LP001966,Male,21,4520.0,132900.0,733.0,Employed,3,240,Urban,1
LP001967,Female,35,5080.0,118600.0,753.0,Self-Employed,1,36,Urban,1
LP001968,Male,28,2140.0,53600.0,659.0,Self-Employed,0,180,Semi-Urban,1
LP001969,Male,39,7590.0,194400.0,497.0,Self-Employed,1,360,Rural,0
LP001970,Male,68,5310.0,204400.0,554.0,Employed,0,180,Semi-Urban,1
LP001971,Female,42,10630.0,213100.0,560.0,Self-Employed,3,60,Semi-Urban,0
LP001972,Female,34,5720.0,262000.0,701.0,Employed,2,360,Semi-Urban,1
LP001973,Female,48,4970.0,125200.0,737.0,Employed,1,360,Urban,1
LP001974,Male,43,3430.0,129500.0,645.0,Self-Employed,0,360,Urban,1
LP001975,Male,42,5650.0,,662.0,Employed,0,180,Urban,1
LP001976,Male,44,8150.0,186100.0,677.0,Employed,0,60,Semi-Urban,1
LP001977,Male,60,2900.0,95300.0,628.0,Employed,2,360,Urban,0
LP001978,Male,25,6710.0,159000.0,692.0,Self-Employed,1,180,Urban,1
LP001979,Male,43,7430.0,126800.0,677.0,Self-Employed,0,360,Semi-Urban,1
LP001980,Male,27,3660.0,109400.0,554.0,Employed,1,120,Rural,1
LP001981,Male,44,4180.0,62000.0,629.0,Self-Employed,2,120,Semi-Urban,1
LP001982,Female,27,6170.0,127100.0,678.0,Employed,0,360,Rural,1
LP001983,Male,33,2910.0,104800.0,719.0,Employed,2,180,Semi-Urban,1
LP001984,Male,34,8060.0,155100.0,582.0,Self-Employed,2,60,Semi-Urban,0
LP001985,Female,48,3370.0,45700.0,625.0,Self-Employed,3,120,Semi-Urban,1
LP001986,Male,48,1290.0,35500.0,622.0,Unemployed,0,180,Rural,0
LP001987,Female,24,9750.0,218900.0,668.0,Employed,0,36,Urban,0
LP001988,Male,38,2780.0,97500.0,548.0,,0,180,Urban,1
LP001989,Male,30,6600.0,236900.0,755.0,Employed,0,180,Urban,1
LP001990,Female,24,,30900.0,636.0,Unemployed,0,360,Semi-Urban,0
LP001991,Female,35,9630.0,235200.0,697.0,Employed,1,180,Rural,1
LP001992,Female,34,2600.0,35200.0,683.0,Self-Employed,1,360,Urban,1
LP001993,Male,64,7070.0,146600.0,511.0,Employed,2,60,Urban,0
LP001994,Male,42,3360.0,58000.0,738.0,Employed,0,180,Rural,1
LP001995,Male,22,4850.0,93400.0,791.0,Employed,1,60,Semi-Urban,1
LP001996,Male,31,3080.0,64500.0,561.0,Employed,2,240,Semi-Urban,1
LP001997,Female,49,8540.0,247000.0,745.0,Employed,2,360,Rural,0
LP001998,Male,60,3510.0,105000.0,729.0,Self-Employed,2,360,Semi-Urban,1
LP001999,Female,21,7360.0,198700.0,594.0,Employed,1,180,Semi-Urban,1
LP002000,Male,21,4500.0,78400.0,580.0,Employed,3,180,Urban,0
LP002001,Male,58,5100.0,155000.0,575.0,Employed,0,360,Urban,1
LP002002,Male,42,5890.0,120800.0,675.0,Employed,1,360,Semi-Urban,1
LP002003,Female,28,3570.0,122200.0,713.0,Employed,0,360,Semi-Urban,1
LP002004,Female,43,6100.0,140700.0,580.0,Employed,0,180,Rural,1
LP002005,Female,21,12600.0,296400.0,708.0,Employed,0,360,Rural,1
LP002006,Female,38,3540.0,44400.0,727.0,Employed,0,60,Rural,1
LP002007,Female,41,10350.0,203500.0,729.0,Employed,0,120,Urban,0
LP002008,Female,48,12380.0,161900.0,714.0,Employed,0,60,Rural,1
LP002009,Male,26,3470.0,68800.0,587.0,Employed,0,120,Semi-Urban,1
LP002010,Male,38,2440.0,66800.0,600.0,Employed,3,360,Urban,1
LP002011,Male,27,6410.0,156800.0,706.0,Employed,0,360,Semi-Urban,1
LP002012,Female,40,1360.0,49300.0,689.0,Unemployed,1,360,Urban,0
LP002013,Female,28,4300.0,55300.0,680.0,Self-Employed,0,240,Urban,0
LP002014,Male,33,3130.0,95900.0,641.0,Self-Employed,3,180,Rural,0
LP002015,Female,27,8600.0,323900.0,575.0,Employed,2,240,Semi-Urban,1
LP002016,Female,45,2780.0,67000.0,593.0,Self-Employed,1,180,Urban,1
LP002017,Male,47,2650.0,85200.0,583.0,Self-Employed,1,360,Semi-Urban,0
LP002018,Male,35,6440.0,247600.0,648.0,Self-Employed,0,240,Rural,1
LP002019,Female,38,5500.0,138300.0,764.0,Employed,4,240,Semi-Urban,1
LP002020,Male,22,1140.0,29900.0,614.0,Employed,2,180,Urban,1
LP002021,Female,34,14210.0,317900.0,672.0,Self-Employed,2,360,Urban,1
LP002022,Male,37,1670.0,23600.0,721.0,Employed,1,120,Urban,1
LP002023,Female,66,5010.0,141200.0,598.0,Employed,0,180,Rural,1
LP002024,Female,25,11270.0,312600.0,612.0,Employed,2,360,Semi-Urban,1
LP002025,Female,54,18310.0,312200.0,726.0,Employed,0,180,Semi-Urban,1
LP002026,Male,48,4450.0,144200.0,712.0,Employed,1,360,Semi-Urban,1
LP002027,Female,41,2470.0,58600.0,530.0,,0,120,Rural,0
LP002028,Female,57,11050.0,355000.0,654.0,Employed,3,180,Semi-Urban,1
LP002029,Male,42,8740.0,193300.0,638.0,Employed,0,360,Semi-Urban,1
LP002030,Female,42,4150.0,113600.0,640.0,Employed,0,180,Urban,1
LP002031,Male,37,3870.0,90400.0,710.0,Employed,1,180,Urban,1
LP002032,Male,51,3660.0,89400.0,759.0,Employed,2,120,Rural,1
LP002033,Male,50,4960.0,144500.0,664.0,Self-Employed,1,120,Rural,1
LP002034,Male,31,7870.0,227600.0,768.0,Self-Employed,0,240,Rural,1
LP002035,Male,23,3980.0,105500.0,571.0,Employed,0,60,Rural,1
LP002036,Female,35,4270.0,78600.0,654.0,Employed,2,360,Rural,1
LP002037,Male,29,7730.0,231400.0,569.0,Employed,4,360,Semi-Urban,0
LP002038,Female,37,2240.0,32700.0,666.0,Self-Employed,2,60,Rural,0
LP002039,Male,51,4420.0,,657.0,Employed,1,240,Semi-Urban,1
LP002040,Male,32,2160.0,35500.0,509.0,Employed,3,240,Urban,0
LP002041,Male,37,5770.0,111600.0,613.0,Employed,0,60,Urban,1
LP002042,Female,38,1870.0,24300.0,556.0,Employed,1,120,Rural,0
LP002043,Male,47,11770.0,217900.0,581.0,Self-Employed,1,180,Urban,1
LP002044,Male,21,2510.0,88200.0,716.0,Self-Employed,0,240,Rural,1
LP002045,Female,31,2050.0,34100.0,626.0,Employed,2,240,Urban,1
LP002046,Male,40,4450.0,131600.0,697.0,Employed,1,180,Urban,1
LP002047,Male,51,13920.0,500000.0,816.0,Employed,0,360,Urban,1
LP002048,Male,32,8030.0,268900.0,657.0,Employed,0,360,Urban,1
LP002049,Female,21,1890.0,44600.0,727.0,Employed,0,240,Urban,1
LP002050,Male,44,2590.0,53400.0,682.0,Employed,1,360,Urban,1
LP002051,Female,31,4370.0,84900.0,850.0,Employed,0,120,Rural,1
LP002052,Male,24,18600.0,500000.0,453.0,Employed,0,360,Urban,0
LP002053,Female,31,1680.0,65500.0,526.0,Unemployed,1,240,Urban,0
LP002054,Female,35,3240.0,55400.0,729.0,Employed,1,360,Urban,1
LP002055,Female,31,12390.0,357200.0,588.0,Self-Employed,2,180,Semi-Urban,1
LP002056,Male,21,5100.0,169800.0,722.0,Self-Employed,1,120,Semi-Urban,1
LP002057,Female,47,2100.0,29900.0,640.0,Employed,2,180,Semi-Urban,1
LP002058,Male,52,24760.0,303500.0,674.0,Self-Employed,3,180,Urban,1
LP002059,Male,45,5250.0,189500.0,560.0,Employed,2,240,Urban,0
LP002060,Male,25,3600.0,80200.0,692.0,Employed,1,180,Semi-Urban,1
LP002061,Female,35,6830.0,158200.0,714.0,Employed,0,360,Rural,1
LP002062,Female,37,1910.0,36500.0,519.0,Unemployed,4,240,Urban,0
LP002063,Female,44,10320.0,339400.0,,Employed,0,240,Semi-Urban,1
LP002064,Male,45,3070.0,45300.0,770.0,Employed,0,120,Urban,1
LP002065,Male,29,800.0,33800.0,454.0,Unemployed,0,360,Urban,0
LP002066,Female,38,5380.0,191700.0,689.0,Employed,0,360,Semi-Urban,1
LP002067,Male,43,13470.0,258200.0,519.0,Self-Employed,4,360,Semi-Urban,0
LP002068,Male,54,2970.0,68200.0,736.0,Self-Employed,1,120,Urban,1
LP002069,Male,45,3940.0,88600.0,617.0,Self-Employed,1,180,Urban,1
LP002070,Male,46,1340.0,23600.0,394.0,Unemployed,1,60,Rural,0
LP002071,Male,38,1220.0,28700.0,638.0,Unemployed,1,180,Rural,1
LP002072,Male,53,9200.0,138200.0,659.0,Employed,0,60,Rural,1
LP002073,Male,42,2320.0,42500.0,706.0,Self-Employed,1,180,Semi-Urban,1
LP002074,Male,28,4180.0,61000.0,787.0,Employed,1,240,Semi-Urban,1
LP002075,Female,53,4610.0,136500.0,707.0,Employed,0,180,Urban,1
LP002076,Male,45,4460.0,69600.0,657.0,Employed,2,180,Urban,0
LP002077,Male,33,4290.0,81200.0,676.0,Self-Employed,0,360,Semi-Urban,1
LP002078,Female,32,1110.0,17900.0,493.0,Unemployed,0,60,Semi-Urban,0
LP002079,Male,41,800.0,19000.0,563.0,Unemployed,0,360,Urban,0
LP002080,Female,43,2970.0,39000.0,828.0,Employed,0,60,Rural,1
LP002081,Female,40,19160.0,252500.0,616.0,Employed,2,36,Urban,1
LP002082,Male,41,15170.0,241200.0,633.0,Employed,2,60,Urban,1
LP002083,Male,56,2800.0,57400.0,774.0,Self-Employed,0,360,Urban,1
LP002084,Female,49,19100.0,500000.0,564.0,Self-Employed,1,180,Semi-Urban,0
LP002085,Female,40,4360.0,119700.0,726.0,Employed,1,360,Urban,1
LP002086,Male,48,5830.0,90300.0,560.0,Employed,0,180,Urban,0
LP002087,Male,26,5250.0,66400.0,709.0,Employed,0,12,Semi-Urban,1
LP002088,Male,42,3780.0,137400.0,608.0,Employed,4,240,Semi-Urban,0
LP002089,Female,57,1430.0,29200.0,625.0,Unemployed,1,60,Semi-Urban,1
LP002090,Male,35,4120.0,98000.0,534.0,Employed,4,360,Urban,0
LP002091,Female,28,7390.0,171700.0,639.0,Employed,0,60,Semi-Urban,1
LP002092,Male,30,2250.0,23100.0,729.0,Employed,1,120,Semi-Urban,1
LP002093,Male,26,3260.0,97000.0,641.0,Employed,0,360,Urban,1
LP002094,Male,29,1180.0,35400.0,636.0,Unemployed,0,360,Rural,1
LP002095,Male,33,5470.0,60700.0,695.0,Employed,1,180,Semi-Urban,1
LP002096,Male,22,2810.0,54200.0,646.0,Employed,0,360,Urban,1
LP002097,Male,38,4690.0,80300.0,656.0,Employed,0,60,Rural,0
LP002098,Male,47,16470.0,432200.0,680.0,Self-Employed,0,360,Rural,1
LP002099,Female,28,14610.0,346600.0,663.0,Self-Employed,0,240,Rural,1
LP002100,Male,54,6170.0,148000.0,734.0,Self-Employed,1,60,Semi-Urban,1
LP002101,Male,43,5180.0,56500.0,652.0,Employed,1,120,Urban,1
LP002102,Female,49,15270.0,265300.0,637.0,Employed,0,60,Urban,1
LP002103,Female,30,7230.0,255800.0,748.0,Employed,0,180,Semi-Urban,1
LP002104,Female,47,5020.0,135800.0,648.0,Self-Employed,0,120,Rural,1
LP002105,Female,25,2480.0,55000.0,639.0,Employed,1,240,Semi-Urban,1
LP002106,Male,47,6750.0,165500.0,493.0,Employed,0,360,Rural,1
LP002107,Male,39,11280.0,129300.0,567.0,Self-Employed,2,12,Urban,0
LP002108,Female,44,4060.0,84900.0,617.0,Self-Employed,0,180,Semi-Urban,1
LP002109,Female,25,6380.0,82900.0,,Employed,0,180,Rural,0
LP002110,Male,28,4450.0,103900.0,590.0,Employed,2,360,Semi-Urban,0
LP002111,Female,44,4910.0,72000.0,753.0,Employed,1,180,Rural,1
LP002112,Male,27,1110.0,33400.0,621.0,Self-Employed,0,180,Semi-Urban,1
LP002113,Male,43,5400.0,105200.0,592.0,Self-Employed,2,180,Semi-Urban,1
LP002114,Male,22,9260.0,152800.0,691.0,Employed,1,120,Semi-Urban,1
LP002115,Male,47,3840.0,43900.0,562.0,Employed,2,36,Rural,1
LP002116,Male,24,6550.0,165200.0,797.0,Self-Employed,1,180,Semi-Urban,1
LP002117,Male,44,3720.0,34800.0,740.0,Self-Employed,1,36,Urban,1
LP002118,Female,44,6620.0,159900.0,522.0,Employed,5,180,Semi-Urban,0
LP002119,Male,30,4820.0,55700.0,756.0,Employed,0,120,Semi-Urban,1
LP002120,Male,44,3240.0,71900.0,771.0,Employed,1,180,Urban,1
LP002121,Female,40,11300.0,116000.0,594.0,Employed,1,60,Semi-Urban,1
LP002122,Female,32,800.0,24000.0,492.0,Unemployed,0,360,Urban,0
LP002123,Female,26,12090.0,484600.0,634.0,Self-Employed,0,360,Semi-Urban,1
LP002124,Female,21,10010.0,104400.0,573.0,Self-Employed,0,60,Rural,1
LP002125,Female,41,4250.0,89400.0,621.0,Employed,1,120,Semi-Urban,1
LP002126,Male,21,8180.0,157000.0,649.0,Self-Employed,1,240,Rural,1
LP002127,Male,39,7130.0,97300.0,717.0,Employed,1,60,Urban,1
LP002128,Male,35,6740.0,232300.0,686.0,Employed,0,180,Rural,1
LP002129,Male,45,4350.0,140200.0,668.0,Employed,1,120,Urban,1
LP002130,Male,34,7170.0,167200.0,573.0,Employed,3,360,Urban,0
LP002131,Female,34,16890.0,500000.0,581.0,Self-Employed,0,360,Rural,0
LP002132,Male,46,2770.0,75000.0,724.0,Employed,1,180,Semi-Urban,1
LP002133,Male,41,3420.0,99000.0,687.0,Employed,2,180,Urban,1
LP002134,Male,41,5510.0,98500.0,598.0,Employed,2,360,Rural,1
LP002135,Female,43,3040.0,64800.0,597.0,Employed,1,360,Semi-Urban,1
LP002136,Male,21,2010.0,27700.0,761.0,Employed,2,360,Rural,1
LP002137,Female,46,9910.0,135200.0,698.0,Employed,0,60,Semi-Urban,1
LP002138,Male,44,1330.0,16700.0,674.0,Self-Employed,2,60,Semi-Urban,1
LP002139,Male,26,4350.0,190600.0,713.0,Employed,0,240,Semi-Urban,1
LP002140,Male,35,8250.0,166100.0,589.0,Employed,0,180,Urban,1
LP002141,Female,37,6290.0,63200.0,792.0,Employed,0,12,Semi-Urban,1
LP002142,Male,36,4810.0,53300.0,614.0,Self-Employed,2,36,Semi-Urban,1
LP002143,Female,41,2970.0,72500.0,741.0,Employed,0,360,Urban,1
LP002144,Male,53,6560.0,245100.0,789.0,Employed,0,360,Urban,1
LP002145,Male,49,3150.0,74600.0,686.0,Employed,0,180,Urban,1
LP002146,Female,23,6290.0,174300.0,521.0,Employed,3,360,Rural,0
LP002147,Female,44,5870.0,157400.0,457.0,Employed,2,180,Semi-Urban,1
LP002148,Female,52,7010.0,241300.0,677.0,Self-Employed,1,360,Semi-Urban,1
LP002149,Female,42,3820.0,125700.0,698.0,Employed,1,180,Rural,1
LP002150,Female,50,16630.0,271300.0,636.0,Employed,1,60,Semi-Urban,1
LP002151,Female,60,8110.0,188700.0,690.0,Self-Employed,0,180,Rural,1
LP002152,Female,49,,167500.0,642.0,Self-Employed,3,180,Urban,0
LP002153,Female,40,6280.0,107800.0,754.0,Employed,0,180,Urban,1
LP002154,Female,49,3550.0,61500.0,662.0,Employed,0,60,Semi-Urban,1
LP002155,Male,39,4390.0,66800.0,676.0,Employed,0,360,Semi-Urban,1
LP002156,Female,38,20240.0,500000.0,666.0,Employed,1,120,Rural,1
LP002157,Male,34,3690.0,59800.0,682.0,Self-Employed,1,60,Semi-Urban,1
LP002158,Female,55,5980.0,117500.0,641.0,Self-Employed,1,180,Urban,1
LP002159,Female,28,2020.0,26200.0,541.0,Unemployed,0,180,Semi-Urban,0
LP002160,Male,54,4230.0,118200.0,645.0,Employed,1,180,Semi-Urban,0
LP002161,Female,43,2790.0,54900.0,691.0,Employed,0,360,Urban,1
LP002162,Male,22,5600.0,155500.0,616.0,Employed,0,180,Semi-Urban,1
LP002163,Male,42,6830.0,197600.0,646.0,Self-Employed,0,240,Rural,0
LP002164,Female,21,6020.0,226100.0,780.0,Employed,2,240,Rural,1
LP002165,Male,44,9010.0,102800.0,747.0,Employed,0,12,Semi-Urban,1
LP002166,Female,47,12880.0,334700.0,608.0,Self-Employed,1,180,Urban,1
LP002167,Female,31,4160.0,64400.0,744.0,Self-Employed,1,360,Urban,1
LP002168,Male,39,4100.0,63400.0,727.0,Self-Employed,1,12,Semi-Urban,0
LP002169,Male,59,3070.0,75500.0,672.0,Employed,1,180,Semi-Urban,1
LP002170,Male,32,10290.0,215700.0,626.0,Self-Employed,0,360,Urban,1
LP002171,Male,26,17400.0,500000.0,618.0,Self-Employed,0,180,Urban,1
LP002172,Female,54,4570.0,123100.0,696.0,Employed,1,180,Rural,1
LP002173,Male,59,4760.0,199700.0,616.0,Employed,1,360,Rural,1
LP002174,Male,38,12170.0,188400.0,727.0,Employed,2,60,Semi-Urban,1
LP002175,Male,49,1850.0,27600.0,648.0,Unemployed,2,36,Urban,0
LP002176,Male,52,6960.0,157200.0,676.0,Employed,0,360,Urban,1
LP002177,Female,29,9350.0,281700.0,765.0,Employed,0,360,Urban,1
LP002178,Male,32,3590.0,71600.0,649.0,Employed,1,180,Semi-Urban,1
LP002179,Female,51,3350.0,67100.0,626.0,Self-Employed,0,180,Urban,1
LP002180,Male,56,3650.0,106200.0,762.0,Employed,0,360,Rural,1
LP002181,Female,44,4480.0,133300.0,763.0,Employed,2,240,Rural,1
LP002182,Male,28,3370.0,83200.0,827.0,Employed,0,120,Urban,1
LP002183,Male,59,1270.0,17300.0,534.0,Unemployed,3,12,Semi-Urban,0
LP002184,Female,32,3740.0,44500.0,744.0,Employed,1,180,Semi-Urban,1
LP002185,Male,34,9200.0,233000.0,668.0,Employed,2,360,Rural,1
LP002186,Female,41,13900.0,500000.0,785.0,Self-Employed,0,360,Rural,1
LP002187,Female,55,1860.0,47200.0,712.0,Employed,0,360,Urban,1
LP002188,Male,47,1790.0,27800.0,640.0,Unemployed,1,360,Urban,1
LP002189,Male,42,9300.0,205400.0,594.0,Employed,0,180,Semi-Urban,1
LP002190,Female,43,8720.0,255800.0,662.0,,0,180,Semi-Urban,1
LP002191,Male,38,3000.0,62200.0,741.0,Employed,0,360,Urban,1
LP002192,Male,44,16990.0,292900.0,734.0,Employed,0,240,Semi-Urban,1
LP002193,Male,21,3640.0,108900.0,747.0,Self-Employed,0,180,Rural,1
LP002194,Male,34,7940.0,95900.0,654.0,Employed,2,60,Urban,1
LP002195,Male,40,2950.0,64800.0,631.0,Self-Employed,0,360,Rural,1
LP002196,Female,25,5000.0,113000.0,675.0,Employed,0,180,Urban,1
LP002197,Female,42,12710.0,434900.0,683.0,Employed,1,180,Rural,1
LP002198,Female,35,3460.0,44200.0,628.0,Employed,4,240,Semi-Urban,1
LP002199,Female,57,2020.0,56900.0,507.0,Unemployed,0,240,Urban,0
LP002200,Male,55,18260.0,433000.0,660.0,Employed,0,120,Semi-Urban,1
LP002201,Female,32,10700.0,382600.0,673.0,Employed,1,360,Rural,1
LP002202,Male,36,5410.0,148000.0,441.0,Employed,3,120,Rural,0
LP002203,Male,37,4390.0,103200.0,707.0,Employed,2,60,Urban,1
LP002204,Male,33,11140.0,234100.0,692.0,Employed,1,180,Semi-Urban,1
LP002205,Male,40,890.0,31800.0,599.0,Unemployed,0,240,Semi-Urban,0
LP002206,Female,29,10490.0,220900.0,641.0,Employed,1,360,Semi-Urban,1
LP002207,Female,25,4960.0,210400.0,723.0,Self-Employed,0,360,Rural,1
LP002208,Male,44,5860.0,123900.0,617.0,Employed,1,360,Urban,1
LP002209,Male,44,2140.0,60500.0,629.0,Self-Employed,1,60,Urban,0
LP002210,Female,29,1870.0,29700.0,557.0,Unemployed,4,36,Semi-Urban,0
LP002211,Male,47,11220.0,364500.0,706.0,Employed,0,180,Urban,1
LP002212,Male,31,920.0,24600.0,484.0,Unemployed,0,120,Rural,0
LP002213,Male,40,2570.0,42100.0,798.0,Employed,1,360,Semi-Urban,1
LP002214,Female,47,800.0,17200.0,523.0,Unemployed,1,240,Semi-Urban,0
LP002215,Female,37,5820.0,262300.0,635.0,,2,360,Rural,1
LP002216,Male,43,5690.0,160200.0,811.0,Employed,0,120,Semi-Urban,1
LP002217,Male,32,7940.0,268600.0,525.0,Employed,0,180,Semi-Urban,1
LP002218,Female,35,4250.0,120900.0,552.0,Employed,1,180,Urban,1
LP002219,Female,35,5860.0,147900.0,713.0,Employed,0,120,Urban,1
LP002220,Male,29,5300.0,106100.0,459.0,Employed,2,180,Urban,0
LP002221,Female,36,3260.0,108800.0,526.0,Employed,1,180,Semi-Urban,1
LP002222,Male,21,5100.0,157000.0,733.0,Employed,2,180,Semi-Urban,1
LP002223,Male,32,5710.0,158400.0,649.0,Self-Employed,1,180,Urban,1
LP002224,Female,34,4960.0,69600.0,809.0,Employed,2,12,Semi-Urban,1
LP002225,Male,35,5530.0,84300.0,602.0,Employed,0,180,Urban,1
LP002226,Male,35,5660.0,157100.0,621.0,Employed,2,120,Rural,1
LP002227,Male,37,4280.0,23400.0,720.0,Employed,0,12,Urban,1
LP002228,Male,43,10940.0,278700.0,715.0,Employed,1,120,Rural,1
LP002229,Female,47,2850.0,87300.0,660.0,Employed,0,120,Semi-Urban,1
LP002230,Male,30,1320.0,31800.0,531.0,Unemployed,1,180,Semi-Urban,0
LP002231,Female,24,3810.0,86600.0,697.0,Self-Employed,0,60,Urban,1
LP002232,Male,26,17150.0,360700.0,783.0,Employed,0,180,Rural,1
LP002233,Male,32,11220.0,226000.0,667.0,Self-Employed,4,240,Urban,0
LP002234,Male,34,5390.0,219300.0,632.0,Employed,0,240,Semi-Urban,1
LP002235,Female,29,4960.0,220700.0,570.0,Self-Employed,2,360,Rural,0
LP002236,Male,23,4150.0,107100.0,558.0,Self-Employed,4,180,Rural,0
LP002237,Female,32,1840.0,53300.0,584.0,Employed,0,180,Semi-Urban,1
LP002238,Male,39,2090.0,95400.0,691.0,Employed,1,360,Rural,1
LP002239,Female,44,15450.0,500000.0,741.0,Employed,0,180,Semi-Urban,1
LP002240,Male,31,12910.0,371500.0,674.0,Employed,0,240,Urban,1
LP002241,Female,33,4220.0,138500.0,808.0,Self-Employed,0,180,Semi-Urban,1
LP002242,Female,27,8950.0,152800.0,743.0,Employed,3,180,Urban,1
LP002243,Female,37,9000.0,284700.0,703.0,Self-Employed,0,360,Urban,1
LP002244,Female,28,920.0,,632.0,Unemployed,1,60,Semi-Urban,0
LP002245,Female,44,11670.0,385100.0,612.0,Employed,1,120,Semi-Urban,1
LP002246,Male,21,22050.0,417000.0,617.0,Self-Employed,2,120,Urban,0
LP002247,Male,34,5310.0,88300.0,775.0,Self-Employed,0,180,Rural,1
LP002248,Male,41,1030.0,15800.0,536.0,Unemployed,1,120,Urban,0
LP002249,Female,40,800.0,17200.0,691.0,Unemployed,1,180,Rural,0
LP002250,Male,67,1260.0,31800.0,763.0,Self-Employed,1,360,Rural,1
LP002251,Female,41,4710.0,114500.0,666.0,Employed,3,360,Rural,1
LP002252,Male,26,5530.0,170500.0,557.0,Self-Employed,2,180,Rural,0
LP002253,Male,36,10050.0,127100.0,656.0,Employed,0,360,Urban,1
LP002254,Male,21,15400.0,333800.0,728.0,Self-Employed,1,180,Semi-Urban,1
LP002255,Female,37,2120.0,26200.0,506.0,Unemployed,0,180,Urban,0
LP002256,Male,28,17230.0,471700.0,665.0,Employed,0,360,Urban,1
LP002257,Male,48,2540.0,51400.0,736.0,Employed,1,240,Semi-Urban,1
LP002258,Male,31,5520.0,94500.0,637.0,Employed,0,240,Urban,1
LP002259,Male,36,6890.0,56600.0,616.0,Employed,0,60,Rural,1
LP002260,Male,31,4720.0,101700.0,474.0,Employed,4,180,Rural,0
LP002261,Male,57,2480.0,42000.0,651.0,Self-Employed,0,360,Urban,1
LP002262,Female,34,1490.0,53700.0,567.0,Unemployed,3,180,Semi-Urban,0
LP002263,Male,58,1890.0,72800.0,514.0,Unemployed,1,240,Semi-Urban,0
LP002264,Male,46,2710.0,103000.0,681.0,Employed,1,180,Rural,1
LP002265,Male,43,8580.0,259800.0,628.0,Self-Employed,2,360,Semi-Urban,1
LP002266,Male,42,20770.0,319700.0,630.0,Self-Employed,0,120,Urban,1
LP002267,Male,42,5320.0,183200.0,742.0,Employed,0,180,Semi-Urban,1
LP002268,Male,21,5430.0,111600.0,803.0,Employed,0,60,Semi-Urban,1
LP002269,Male,34,12870.0,296700.0,755.0,Employed,0,240,Rural,1
LP002270,Male,47,1020.0,24900.0,457.0,Unemployed,3,240,Urban,0
LP002271,Female,37,2270.0,47100.0,794.0,Employed,2,36,Urban,1
LP002272,Female,22,3960.0,124300.0,755.0,Self-Employed,0,240,Rural,1
LP002273,Female,37,3310.0,101100.0,645.0,Employed,0,180,Rural,1
LP002274,Male,56,11120.0,166700.0,621.0,Self-Employed,0,60,Rural,1
LP002275,Male,51,5790.0,90400.0,764.0,Employed,0,180,Semi-Urban,1
LP002276,Male,37,2680.0,43200.0,693.0,Employed,1,60,Semi-Urban,1
LP002277,Male,48,8810.0,180900.0,616.0,Employed,0,180,Semi-Urban,1
LP002278,Female,33,2470.0,73400.0,668.0,Employed,1,180,Urban,1
LP002279,Male,21,7950.0,275200.0,649.0,Self-Employed,0,240,Semi-Urban,1
LP002280,Male,27,3470.0,62700.0,618.0,Employed,0,360,Urban,1
LP002281,Male,55,4890.0,127000.0,756.0,Self-Employed,1,240,Urban,1
LP002282,Female,34,7170.0,36300.0,738.0,Employed,1,12,Rural,1
LP002283,Male,35,7240.0,285100.0,672.0,Employed,4,360,Urban,1
LP002284,Male,34,11330.0,400500.0,706.0,Employed,2,240,Rural,1
LP002285,Male,58,5190.0,103100.0,611.0,Employed,0,36,Urban,0
LP002286,Male,55,1660.0,53900.0,534.0,Unemployed,0,360,Urban,0
LP002287,Male,62,6430.0,125900.0,754.0,Employed,2,120,Semi-Urban,1
LP002288,Male,36,5670.0,114500.0,618.0,Self-Employed,3,180,Semi-Urban,1
LP002289,Male,41,2140.0,62000.0,434.0,Unemployed,2,180,Semi-Urban,0
LP002290,Male,21,3820.0,61200.0,696.0,,0,180,Rural,0
LP002291,Male,54,2010.0,74500.0,659.0,,5,360,Urban,0
LP002292,Male,25,7960.0,175100.0,719.0,Self-Employed,0,180,Rural,1
LP002293,Male,40,800.0,11100.0,509.0,Unemployed,1,36,Urban,0
LP002294,Female,25,1700.0,24700.0,651.0,Unemployed,3,360,Rural,0
LP002295,Female,31,2680.0,50700.0,567.0,Employed,0,360,Semi-Urban,1
LP002296,Male,28,17730.0,233100.0,618.0,Self-Employed,3,240,Rural,0
LP002297,Male,31,7120.0,181100.0,810.0,Employed,0,180,Semi-Urban,1
LP002298,Male,32,1050.0,23600.0,554.0,Unemployed,4,60,Urban,0
LP002299,Male,31,930.0,28000.0,642.0,Unemployed,0,360,Rural,1
LP002300,Female,47,4790.0,53400.0,531.0,Employed,3,36,Urban,0
LP002301,Male,25,11120.0,189200.0,706.0,Employed,0,36,Urban,1
LP002302,Female,40,5860.0,184200.0,677.0,Employed,1,180,Rural,1
LP002303,Male,51,4010.0,74500.0,595.0,Employed,1,60,Urban,1
LP002304,Male,32,9020.0,126000.0,744.0,Self-Employed,1,12,Urban,1
LP002305,Female,30,3470.0,87500.0,618.0,Employed,0,180,Semi-Urban,1
LP002306,Female,35,,177700.0,627.0,Employed,1,60,Rural,1
LP002307,Female,50,11430.0,239800.0,712.0,Employed,0,60,Urban,1
LP002308,Female,40,2140.0,36300.0,569.0,Unemployed,1,36,Semi-Urban,0
LP002309,Male,32,4200.0,49600.0,692.0,Employed,0,120,Semi-Urban,1
LP002310,Female,43,4820.0,142300.0,594.0,Employed,3,240,Rural,1
LP002311,Male,25,3110.0,78100.0,785.0,Employed,0,360,Rural,1
LP002312,Female,45,1320.0,14600.0,510.0,Unemployed,0,180,Rural,0
LP002313,Male,42,2240.0,59700.0,645.0,Self-Employed,0,180,Semi-Urban,1
LP002314,Female,34,2600.0,49900.0,716.0,Employed,0,36,Semi-Urban,1
LP002315,Male,28,5850.0,99100.0,605.0,Employed,0,36,Urban,1
LP002316,Male,28,4540.0,101900.0,602.0,Employed,1,120,Semi-Urban,1
LP002317,Male,43,2590.0,86000.0,655.0,Employed,2,180,Rural,1
LP002318,Female,51,4650.0,76700.0,745.0,,1,240,Semi-Urban,1
LP002319,Male,30,1890.0,57800.0,654.0,Unemployed,1,240,Urban,1
LP002320,Male,43,5240.0,85300.0,686.0,Employed,0,180,Semi-Urban,1
LP002321,Male,21,16990.0,320200.0,629.0,Self-Employed,1,60,Semi-Urban,1
LP002322,Male,31,9190.0,153800.0,700.0,Employed,0,360,Semi-Urban,1
LP002323,Female,37,2370.0,47300.0,687.0,Self-Employed,2,180,Semi-Urban,1
LP002324,Male,27,3190.0,56900.0,699.0,Self-Employed,0,240,Semi-Urban,1
LP002325,Female,27,3530.0,46000.0,772.0,Employed,0,180,Urban,1
LP002326,Male,30,4260.0,105900.0,603.0,Employed,0,240,Rural,1
LP002327,Male,41,3910.0,101600.0,592.0,Employed,2,360,Semi-Urban,0
LP002328,Female,35,5530.0,99800.0,762.0,Employed,0,360,Urban,1
LP002329,Female,21,,117800.0,569.0,Employed,1,180,Urban,1
LP002330,Male,21,8920.0,228900.0,639.0,Employed,0,180,Rural,1
LP002331,Male,31,1170.0,12700.0,525.0,Unemployed,1,120,Rural,0
LP002332,Female,43,4540.0,117800.0,492.0,,3,360,Semi-Urban,0
LP002333,Male,21,2930.0,53700.0,665.0,Self-Employed,0,180,Urban,1
LP002334,Female,32,3860.0,43700.0,735.0,,1,60,Urban,1
LP002335,Female,32,2200.0,75400.0,621.0,Self-Employed,3,180,Urban,1
LP002336,Female,53,3130.0,72100.0,739.0,Employed,1,60,Semi-Urban,1
LP002337,Male,33,2760.0,55000.0,769.0,Self-Employed,1,180,Semi-Urban,1
LP002338,Female,42,9390.0,,651.0,Employed,1,180,Semi-Urban,1
LP002339,Male,39,3700.0,74200.0,850.0,Employed,1,120,Semi-Urban,1
LP002340,Male,21,5820.0,115700.0,654.0,Employed,0,36,Urban,1
LP002341,Male,46,4410.0,128100.0,629.0,Employed,2,360,Urban,1
LP002342,Male,40,2700.0,54200.0,626.0,Employed,0,360,Urban,1
LP002343,Female,43,4950.0,,720.0,Employed,0,360,Urban,1
LP002344,Female,68,7550.0,114000.0,623.0,Employed,2,180,Urban,1
LP002345,Female,21,2710.0,87500.0,674.0,Self-Employed,0,360,Semi-Urban,1
LP002346,Male,56,8480.0,171500.0,664.0,Employed,0,180,Rural,1
LP002347,Male,34,3400.0,117200.0,662.0,Employed,1,120,Semi-Urban,1
LP002348,Male,41,4500.0,56800.0,656.0,Self-Employed,2,60,Rural,1
LP002349,Female,37,7270.0,136600.0,611.0,Employed,2,120,Semi-Urban,1
LP002350,Male,33,3770.0,69500.0,579.0,Employed,3,60,Semi-Urban,0
LP002351,Female,31,5550.0,152900.0,725.0,Employed,2,360,Urban,1
LP002352,Male,41,1150.0,20700.0,557.0,Unemployed,0,36,Rural,0
LP002353,Male,21,5060.0,155500.0,708.0,Self-Employed,0,180,Urban,1
LP002354,Female,46,,495800.0,578.0,Self-Employed,2,180,Urban,1
LP002355,Male,33,6400.0,175600.0,646.0,Employed,0,120,Urban,1
LP002356,Female,25,2850.0,77200.0,587.0,Self-Employed,1,180,Rural,1
LP002357,Female,33,3070.0,62900.0,819.0,Employed,1,60,Rural,1
LP002358,Male,51,7610.0,164800.0,783.0,Employed,0,360,Rural,1
LP002359,Male,32,6710.0,186300.0,654.0,Employed,3,120,Semi-Urban,1
LP002360,Male,41,4650.0,92300.0,841.0,Employed,1,180,Semi-Urban,1
LP002361,Female,29,8220.0,223400.0,737.0,Employed,1,240,Rural,1
LP002362,Male,46,1750.0,81200.0,597.0,Employed,5,360,Semi-Urban,1
LP002363,Male,45,8220.0,142100.0,707.0,Employed,1,360,Rural,1
LP002364,Male,58,6190.0,209500.0,782.0,Employed,0,240,Urban,1
LP002365,Female,36,3140.0,49600.0,613.0,Self-Employed,1,180,Urban,1
LP002366,Male,45,2470.0,48900.0,557.0,Employed,2,180,Rural,1
LP002367,Female,39,6870.0,113600.0,675.0,Self-Employed,2,360,Urban,0
LP002368,Female,52,11780.0,445200.0,600.0,Employed,2,360,Rural,1
LP002369,Male,30,5380.0,86100.0,510.0,Self-Employed,1,60,Semi-Urban,0
LP002370,Male,46,3400.0,71300.0,586.0,Employed,0,180,Rural,1
LP002371,Female,35,6030.0,280100.0,621.0,,2,360,Urban,1
LP002372,Male,37,14790.0,236800.0,648.0,Employed,2,180,Semi-Urban,1
LP002373,Female,39,6890.0,156300.0,685.0,Employed,0,120,Semi-Urban,1
LP002374,Male,40,9210.0,235700.0,830.0,Self-Employed,0,180,Semi-Urban,1
LP002375,Male,36,10640.0,344700.0,594.0,Employed,4,240,Semi-Urban,0
LP002376,Female,40,7040.0,301900.0,665.0,Employed,2,360,Rural,1
LP002377,Male,55,3650.0,129100.0,523.0,Self-Employed,2,180,Semi-Urban,0
LP002378,Male,48,1860.0,27100.0,642.0,Self-Employed,2,120,Urban,1
LP002379,Male,47,3270.0,84600.0,705.0,Employed,1,60,Rural,1
LP002380,Male,32,2960.0,50200.0,576.0,Employed,1,36,Urban,0
LP002381,Male,28,7810.0,177100.0,609.0,Employed,1,180,Urban,0
LP002382,Male,48,8430.0,171500.0,716.0,Employed,0,180,Urban,1
LP002383,Female,47,5980.0,63700.0,639.0,Employed,1,120,Rural,1
LP002384,Male,54,1860.0,50700.0,572.0,Unemployed,1,240,Urban,0
LP002385,Female,31,9760.0,142500.0,720.0,Employed,1,240,Urban,1
LP002386,Male,35,4710.0,78000.0,832.0,Employed,1,120,Rural,1
LP002387,Female,21,10910.0,174600.0,663.0,Employed,1,120,Rural,1
LP002388,Male,33,800.0,32700.0,,Unemployed,0,360,Urban,0
LP002389,Female,48,8900.0,265900.0,533.0,Self-Employed,0,180,Semi-Urban,1
LP002390,Male,32,7420.0,272300.0,691.0,Employed,0,360,Rural,1
LP002391,Male,45,3880.0,152700.0,654.0,Self-Employed,0,180,Urban,1
LP002392,Male,35,11140.0,373100.0,570.0,Employed,4,360,Rural,0
LP002393,Male,41,2280.0,62200.0,729.0,,0,360,Semi-Urban,1
LP002394,Male,25,3070.0,67500.0,663.0,Employed,0,240,Semi-Urban,1
LP002395,Male,38,11060.0,314700.0,528.0,Employed,1,360,Semi-Urban,0
LP002396,Female,21,7510.0,275700.0,560.0,Employed,1,360,Semi-Urban,1
LP002397,Male,35,1760.0,23700.0,634.0,Unemployed,0,180,Urban,0
LP002398,Male,21,21970.0,485900.0,522.0,Employed,2,120,Semi-Urban,1
LP002399,Male,51,1370.0,41400.0,601.0,Unemployed,2,180,Urban,1
LP002400,Female,46,1960.0,46000.0,689.0,Employed,0,360,Semi-Urban,1
LP002401,Male,43,2500.0,67000.0,667.0,,0,240,Urban,1
LP002402,Male,54,8890.0,145500.0,603.0,Employed,3,60,Rural,0
LP002403,Male,27,2090.0,17600.0,683.0,Employed,2,36,Urban,1
LP002404,Female,57,4870.0,159400.0,591.0,Employed,1,240,Semi-Urban,1
LP002405,Female,48,10320.0,192000.0,683.0,Employed,0,120,Semi-Urban,1
LP002406,Male,35,7160.0,108700.0,594.0,Employed,0,180,Semi-Urban,1
LP002407,Female,50,5460.0,175100.0,692.0,Employed,1,240,Semi-Urban,1
LP002408,Female,25,4610.0,120300.0,728.0,Self-Employed,0,180,Rural,1
LP002409,Male,28,6070.0,176400.0,692.0,Employed,0,60,Urban,1
LP002410,Female,31,7460.0,213000.0,725.0,Employed,1,60,Urban,1
LP002411,Male,32,3780.0,97700.0,627.0,Employed,0,120,Semi-Urban,1
LP002412,Male,26,1930.0,57600.0,540.0,Unemployed,2,120,Rural,0
LP002413,Male,51,18550.0,500000.0,627.0,Self-Employed,2,180,Urban,0
LP002414,Male,35,10830.0,157100.0,657.0,Employed,0,180,Urban,1
LP002415,Male,41,3730.0,81500.0,584.0,Employed,2,120,Urban,0
LP002416,Female,31,8530.0,115200.0,647.0,Employed,0,36,Semi-Urban,0
LP002417,Male,21,1700.0,23900.0,461.0,Unemployed,2,60,Urban,0
LP002418,Male,40,4360.0,95100.0,552.0,Self-Employed,0,360,Rural,1
LP002419,Male,21,4140.0,97000.0,627.0,Employed,0,180,Urban,1
LP002420,Female,37,3300.0,131800.0,726.0,Employed,1,360,Urban,1
LP002421,Male,22,2020.0,28800.0,697.0,Employed,1,360,Urban,1
LP002422,Male,59,1360.0,34600.0,415.0,Unemployed,3,180,Semi-Urban,0
LP002423,Male,48,2070.0,65400.0,649.0,Employed,0,240,Semi-Urban,1
LP002424,Male,39,4930.0,65600.0,731.0,Employed,0,60,Urban,1
LP002425,Female,51,5680.0,118200.0,646.0,Employed,1,240,Rural,1
LP002426,Female,28,4870.0,61400.0,573.0,Self-Employed,1,120,Urban,0
LP002427,Male,43,2090.0,50000.0,849.0,Self-Employed,0,360,Semi-Urban,1
LP002428,Female,40,3560.0,49400.0,667.0,Self-Employed,1,60,Semi-Urban,1
LP002429,Male,40,6740.0,219800.0,557.0,Employed,2,360,Urban,1
LP002430,Female,51,9480.0,105200.0,657.0,Self-Employed,2,60,Rural,1
LP002431,Male,46,5380.0,95900.0,603.0,Employed,4,360,Rural,0
LP002432,Male,41,10260.0,244100.0,564.0,Employed,0,120,Urban,1
LP002433,Male,21,6760.0,147300.0,687.0,Employed,1,240,Semi-Urban,1
LP002434,Female,27,850.0,27200.0,653.0,Unemployed,0,180,Urban,1
LP002435,Male,36,3600.0,51700.0,662.0,Employed,1,180,Semi-Urban,1
LP002436,Male,39,3830.0,131400.0,525.0,Self-Employed,1,240,Urban,1
LP002437,Male,25,5900.0,100000.0,635.0,Self-Employed,5,360,Rural,1
LP002438,Female,64,5030.0,55000.0,725.0,Employed,1,36,Urban,1
LP002439,Male,54,5810.0,218900.0,566.0,Employed,3,360,Urban,0
LP002440,Female,44,13550.0,377100.0,601.0,Employed,2,240,Urban,1
LP002441,Female,38,4760.0,151900.0,779.0,Employed,3,360,Urban,1
LP002442,Male,35,10610.0,199500.0,595.0,Employed,2,180,Semi-Urban,0
LP002443,Female,27,7070.0,171100.0,595.0,Employed,1,180,Urban,1
LP002444,Male,38,17030.0,500000.0,681.0,Self-Employed,0,360,Semi-Urban,1
LP002445,Female,40,1290.0,38300.0,623.0,Unemployed,0,180,Urban,0
LP002446,Male,24,4510.0,89200.0,719.0,Employed,0,180,Semi-Urban,1
LP002447,Female,41,5370.0,50300.0,494.0,Employed,1,12,Semi-Urban,0
LP002448,Female,36,8010.0,149000.0,630.0,Employed,1,60,Rural,1
LP002449,Female,21,17720.0,298500.0,766.0,Self-Employed,1,240,Rural,1
LP002450,Female,28,5510.0,162500.0,634.0,Self-Employed,4,240,Rural,1
LP002451,Male,33,6120.0,237500.0,517.0,Employed,3,180,Semi-Urban,0
LP002452,Male,58,11040.0,99200.0,773.0,Employed,0,60,Urban,1
LP002453,Female,44,5750.0,92500.0,752.0,Self-Employed,0,180,Semi-Urban,1
LP002454,Male,23,2630.0,59200.0,657.0,Employed,0,180,Rural,1
LP002455,Male,43,17650.0,395600.0,745.0,Employed,0,180,Urban,1
LP002456,Female,21,4190.0,156200.0,794.0,Employed,2,360,Semi-Urban,1
LP002457,Female,49,5930.0,148800.0,600.0,Employed,1,360,Urban,1
LP002458,Female,32,10260.0,161200.0,721.0,Employed,1,60,Semi-Urban,1
LP002459,Male,36,4120.0,133200.0,793.0,Self-Employed,2,360,Semi-Urban,1
LP002460,Female,52,3120.0,115700.0,693.0,Self-Employed,2,180,Semi-Urban,1
LP002461,Male,23,6250.0,152800.0,623.0,Employed,0,240,Semi-Urban,1
LP002462,Female,22,800.0,10800.0,597.0,Unemployed,1,60,Rural,0
LP002463,Male,31,2030.0,36500.0,782.0,Employed,0,240,Semi-Urban,1
LP002464,Female,49,8200.0,140300.0,603.0,Self-Employed,0,120,Rural,1
LP002465,Female,21,4340.0,136500.0,677.0,Employed,0,180,Urban,1
LP002466,Male,21,4890.0,63400.0,661.0,Self-Employed,1,12,Semi-Urban,0
LP002467,Female,33,1270.0,15100.0,532.0,Unemployed,0,60,Semi-Urban,0
LP002468,Male,44,4120.0,66600.0,698.0,Employed,0,60,Urban,1
LP002469,Female,51,1380.0,20500.0,572.0,Unemployed,1,120,Urban,0
LP002470,Female,32,5080.0,77800.0,,Self-Employed,2,60,Semi-Urban,1
LP002471,Male,33,18610.0,416500.0,765.0,Self-Employed,0,240,Semi-Urban,1
LP002472,Female,50,7220.0,95700.0,584.0,Employed,0,12,Semi-Urban,0
LP002473,Female,21,15320.0,,650.0,Self-Employed,2,240,Urban,1
LP002474,Male,33,1520.0,37300.0,676.0,Self-Employed,0,60,Urban,0
LP002475,Male,40,2740.0,82400.0,625.0,Employed,3,360,Semi-Urban,1
LP002476,Female,42,1760.0,58900.0,578.0,Unemployed,1,360,Urban,0
LP002477,Female,32,1970.0,44000.0,606.0,Employed,0,120,Urban,1
LP002478,Female,38,11280.0,186500.0,789.0,Employed,0,240,Urban,1
LP002479,Female,21,4120.0,57900.0,821.0,Employed,0,12,Urban,1
LP002480,Male,30,3890.0,105300.0,721.0,Employed,0,360,Urban,1
LP002481,Female,42,2060.0,60700.0,724.0,Employed,0,180,Urban,1
LP002482,Male,27,14150.0,239500.0,689.0,Employed,1,36,Urban,1
LP002483,Male,38,1380.0,45500.0,652.0,Unemployed,0,120,Semi-Urban,0
LP002484,Male,42,7120.0,99700.0,496.0,Employed,1,36,Urban,0
LP002485,Male,34,3140.0,55300.0,679.0,Employed,1,180,Semi-Urban,1
LP002486,Male,39,4250.0,164400.0,637.0,Employed,0,240,Rural,1
LP002487,Male,27,7770.0,242500.0,690.0,Employed,0,180,Rural,1
LP002488,Female,35,1340.0,27300.0,661.0,Unemployed,0,180,Urban,0
LP002489,Male,44,3580.0,43100.0,681.0,Self-Employed,0,60,Rural,1
LP002490,Male,39,7200.0,158000.0,652.0,Self-Employed,1,120,Urban,1
LP002491,Male,31,3520.0,76700.0,574.0,Employed,0,60,Urban,1
LP002492,Male,40,6070.0,144000.0,636.0,Employed,2,360,Rural,1
LP002493,Male,45,7900.0,101500.0,730.0,Employed,0,60,Rural,1
LP002494,Male,21,9220.0,219100.0,616.0,Employed,1,180,Semi-Urban,1
LP002495,Male,50,2770.0,84200.0,529.0,Employed,1,120,Semi-Urban,1
LP002496,Female,34,29370.0,460600.0,850.0,Self-Employed,1,120,Semi-Urban,1
LP002497,Male,42,8280.0,,705.0,Employed,0,240,Urban,1
LP002498,Male,51,6300.0,88900.0,663.0,Self-Employed,0,180,Urban,1
LP002499,Male,22,9890.0,163200.0,784.0,Employed,1,180,Semi-Urban,1
LP002500,Female,30,19950.0,500000.0,690.0,Employed,0,180,Rural,1
LP002501,Male,34,2460.0,67400.0,779.0,Employed,0,180,Urban,1
LP002502,Male,29,4800.0,56300.0,773.0,Employed,1,120,Rural,1
LP002503,Male,57,1190.0,20500.0,,Self-Employed,1,180,Urban,0
LP002504,Male,28,6040.0,136100.0,714.0,Employed,1,240,Semi-Urban,1
LP002505,Male,31,6640.0,73400.0,809.0,Employed,1,12,Semi-Urban,1
LP002506,Male,40,1100.0,33100.0,505.0,Unemployed,1,180,Semi-Urban,0
LP002507,Male,24,5320.0,61300.0,606.0,Employed,1,36,Urban,1
LP002508,Male,33,2980.0,60700.0,618.0,Employed,1,60,Semi-Urban,1
LP002509,Male,41,5020.0,87700.0,746.0,Employed,1,180,Semi-Urban,1
LP002510,Female,34,12500.0,363600.0,666.0,Employed,2,360,Urban,1
LP002511,Female,36,8410.0,267900.0,534.0,Self-Employed,0,360,Urban,1
LP002512,Female,32,7430.0,143800.0,705.0,Self-Employed,0,36,Semi-Urban,1
LP002513,Female,21,930.0,16600.0,526.0,,2,180,Semi-Urban,0
LP002514,Male,41,2910.0,74800.0,671.0,Employed,1,180,Urban,1
LP002515,Male,57,4370.0,86300.0,617.0,Employed,0,60,Semi-Urban,1
LP002516,Male,38,3700.0,111000.0,671.0,Self-Employed,2,360,Rural,1
LP002517,Male,40,3580.0,78400.0,758.0,Employed,0,240,Urban,1
LP002518,Female,45,4370.0,180100.0,631.0,Employed,1,360,Semi-Urban,1
LP002519,Male,24,6700.0,,518.0,Employed,2,12,Urban,0
LP002520,Female,56,2640.0,61000.0,587.0,Employed,3,120,Urban,0
LP002521,Male,40,4370.0,139500.0,736.0,Employed,0,360,Urban,1
LP002522,Female,55,6130.0,174300.0,648.0,Self-Employed,1,240,Semi-Urban,1
LP002523,Male,29,2920.0,127700.0,567.0,Self-Employed,0,360,Rural,1
LP002524,Male,57,14590.0,273100.0,737.0,Employed,0,36,Urban,1
LP002525,Male,46,3400.0,80000.0,786.0,Employed,0,180,Semi-Urban,1
LP002526,Male,44,3760.0,78600.0,681.0,Employed,1,180,Semi-Urban,1
LP002527,Male,40,3180.0,39800.0,559.0,Self-Employed,1,36,Urban,1
LP002528,Male,35,14610.0,381000.0,656.0,Employed,0,180,Semi-Urban,1
LP002529,Female,51,9290.0,215500.0,691.0,Self-Employed,1,240,Rural,1
LP002530,Male,39,3250.0,77800.0,619.0,Employed,1,60,Rural,1
LP002531,Male,21,9980.0,264400.0,688.0,Employed,2,120,Rural,1
LP002532,Male,25,6070.0,202600.0,541.0,Employed,3,240,Urban,1
LP002533,Female,35,7560.0,226000.0,681.0,Self-Employed,0,180,Rural,1
LP002534,Male,41,4490.0,178900.0,592.0,Employed,3,360,Urban,0
LP002535,Male,37,3600.0,65400.0,691.0,Employed,2,120,Semi-Urban,1
LP002536,Male,51,6540.0,147700.0,678.0,Employed,0,120,Rural,1
LP002537,Male,21,4310.0,220700.0,665.0,Self-Employed,0,360,Urban,1
LP002538,Female,39,22510.0,500000.0,619.0,Self-Employed,0,360,Semi-Urban,1
LP002539,Male,21,2700.0,41000.0,682.0,Employed,0,12,Semi-Urban,1
LP002540,Male,46,18500.0,500000.0,660.0,Self-Employed,1,360,Semi-Urban,0
LP002541,Female,36,5110.0,103100.0,614.0,Employed,1,60,Urban,1
LP002542,Male,42,6400.0,103000.0,691.0,Employed,1,12,Rural,1
LP002543,Male,28,8590.0,201000.0,707.0,Employed,1,120,Semi-Urban,1
LP002544,Male,52,3840.0,101800.0,654.0,Employed,0,120,Urban,1
LP002545,Female,49,11560.0,169700.0,714.0,Self-Employed,2,360,Urban,1
LP002546,Male,44,950.0,16400.0,699.0,Self-Employed,0,240,Rural,1
LP002547,Female,36,3660.0,67900.0,513.0,Employed,4,360,Urban,0
LP002548,Male,44,3270.0,73500.0,780.0,Employed,0,240,Urban,1
LP002549,Male,30,2620.0,79500.0,667.0,Self-Employed,3,180,Semi-Urban,0
LP002550,Male,47,1980.0,50800.0,655.0,Unemployed,0,240,Semi-Urban,0
LP002551,Female,56,4830.0,144000.0,710.0,Employed,0,360,Semi-Urban,1
LP002552,Male,49,1700.0,32800.0,404.0,Unemployed,0,240,Urban,0
LP002553,Female,29,6200.0,209600.0,761.0,Employed,1,360,Semi-Urban,1
LP002554,Female,41,3770.0,136100.0,649.0,Employed,2,360,Rural,0
LP002555,Male,23,8170.0,135300.0,706.0,Self-Employed,0,60,Urban,1
LP002556,Male,44,5820.0,124100.0,650.0,Employed,3,240,Semi-Urban,1
LP002557,Male,42,9090.0,408900.0,825.0,Employed,1,360,Rural,1
LP002558,Male,21,8330.0,261900.0,639.0,Employed,1,360,Semi-Urban,1
LP002559,Female,25,6450.0,190400.0,605.0,Self-Employed,2,120,Semi-Urban,1
LP002560,Female,34,3370.0,85800.0,616.0,Self-Employed,0,180,Urban,1
LP002561,Male,34,3790.0,119000.0,599.0,Employed,0,240,Semi-Urban,0
LP002562,Male,24,4010.0,39600.0,531.0,Employed,3,120,Semi-Urban,0
LP002563,Female,42,4570.0,193600.0,471.0,Employed,3,240,Semi-Urban,0
LP002564,Male,40,6290.0,201800.0,641.0,Employed,4,120,Rural,1
LP002565,Female,35,8050.0,175100.0,759.0,Employed,3,120,Urban,1
LP002566,Male,29,6090.0,92100.0,833.0,Self-Employed,0,180,Urban,1
LP002567,Female,49,5480.0,68900.0,581.0,Employed,2,180,Urban,1
LP002568,Male,56,,157900.0,659.0,Employed,0,180,Semi-Urban,1
LP002569,Male,32,4090.0,136200.0,702.0,Employed,5,180,Urban,1
LP002570,Male,31,3270.0,96600.0,712.0,Employed,1,120,Semi-Urban,1
LP002571,Male,43,1220.0,27900.0,590.0,Unemployed,1,60,Urban,0
LP002572,Male,34,2950.0,39000.0,660.0,Employed,1,36,Semi-Urban,1
LP002573,Female,36,3190.0,48100.0,768.0,Employed,0,60,Urban,1
LP002574,Female,46,8320.0,173400.0,599.0,Employed,0,180,Rural,1
LP002575,Male,21,5990.0,208400.0,681.0,Employed,2,360,Semi-Urban,1
LP002576,Male,52,3360.0,63300.0,670.0,Employed,2,60,Rural,1
LP002577,Male,38,3930.0,50000.0,683.0,Employed,0,60,Semi-Urban,1
LP002578,Male,33,11180.0,294100.0,704.0,Employed,2,240,Urban,1
LP002579,Male,37,9090.0,182700.0,682.0,Employed,1,120,Urban,1
LP002580,Male,37,2940.0,60500.0,639.0,Employed,0,360,Rural,1
LP002581,Male,21,10300.0,169800.0,686.0,Employed,0,240,Semi-Urban,1
LP002582,Male,54,930.0,15600.0,425.0,Unemployed,2,120,Urban,0
LP002583,Male,38,10460.0,203100.0,725.0,Employed,1,120,Semi-Urban,1
LP002584,Male,42,,85600.0,745.0,Employed,1,180,Semi-Urban,1
LP002585,Female,48,1600.0,22400.0,630.0,Employed,1,36,Urban,1
LP002586,Male,26,2520.0,57300.0,612.0,Employed,0,60,Urban,1
LP002587,Female,43,5300.0,81400.0,633.0,Self-Employed,1,60,Rural,1
LP002588,Male,35,2870.0,115200.0,675.0,Employed,0,360,Urban,1
LP002589,Male,47,4720.0,155900.0,696.0,Self-Employed,0,180,Urban,1
LP002590,Female,21,5530.0,57100.0,801.0,Employed,1,12,Urban,1
LP002591,Female,36,12140.0,340600.0,721.0,Employed,3,240,Urban,1
LP002592,Female,31,5150.0,172900.0,742.0,Self-Employed,0,180,Semi-Urban,1
LP002593,Male,42,9800.0,299600.0,689.0,Employed,0,180,Urban,1
LP002594,Male,43,11920.0,145600.0,610.0,Employed,1,120,Urban,1
LP002595,Female,30,11950.0,401400.0,770.0,Employed,2,180,Rural,1
LP002596,Male,30,7700.0,219300.0,661.0,Self-Employed,1,360,Urban,1
LP002597,Male,36,1840.0,45500.0,666.0,Employed,2,36,Urban,1
LP002598,Male,28,8710.0,175900.0,727.0,Self-Employed,1,120,Semi-Urban,1
LP002599,Male,47,9670.0,280000.0,649.0,Employed,2,120,Semi-Urban,1
LP002600,Female,33,5960.0,152900.0,766.0,Self-Employed,0,120,Rural,1
LP002601,Male,21,14180.0,387200.0,714.0,Employed,0,180,Urban,1
LP002602,Male,33,11520.0,500000.0,754.0,Self-Employed,0,360,Rural,1
LP002603,Male,26,7420.0,316600.0,713.0,Employed,1,360,Semi-Urban,1
LP002604,Male,21,1180.0,31600.0,507.0,Unemployed,3,120,Semi-Urban,0
LP002605,Male,24,9870.0,193200.0,650.0,Employed,2,180,Urban,1
LP002606,Male,39,11810.0,473900.0,675.0,Employed,0,240,Urban,1
LP002607,Male,52,5620.0,82700.0,583.0,Employed,0,180,Semi-Urban,1
LP002608,Female,41,2540.0,81900.0,604.0,Employed,0,180,Rural,1
LP002609,Male,31,2300.0,50800.0,735.0,Employed,0,60,Semi-Urban,1
LP002610,Male,43,,10900.0,485.0,Unemployed,1,180,Urban,0
LP002611,Female,32,2050.0,25900.0,479.0,Unemployed,3,180,Urban,0
LP002612,Female,30,6250.0,102000.0,531.0,Employed,4,360,Semi-Urban,1
LP002613,Male,25,1200.0,25200.0,545.0,Unemployed,1,360,Semi-Urban,0
LP002614,Male,21,3690.0,47800.0,633.0,Employed,2,60,Urban,1
LP002615,Male,33,13700.0,344700.0,649.0,Employed,1,60,Urban,0
LP002616,Female,39,3400.0,118800.0,572.0,Self-Employed,0,360,Semi-Urban,1
LP002617,Female,36,7000.0,250300.0,666.0,Self-Employed,1,180,Semi-Urban,1
LP002618,Female,33,1810.0,69000.0,508.0,Unemployed,1,360,Semi-Urban,0
LP002619,Male,27,3740.0,51100.0,632.0,Employed,1,36,Rural,1
LP002620,Female,44,4830.0,158300.0,735.0,Self-Employed,0,180,Semi-Urban,1
LP002621,Male,23,6690.0,179300.0,751.0,Employed,0,180,Urban,1
LP002622,Male,46,6370.0,195500.0,581.0,Employed,0,360,Semi-Urban,1
LP002623,Male,26,8160.0,122500.0,727.0,Employed,3,60,Rural,1
LP002624,Female,29,2000.0,69300.0,541.0,Unemployed,0,120,Rural,1
LP002625,Male,21,35000.0,500000.0,599.0,Self-Employed,2,180,Rural,0
LP002626,Female,32,3070.0,134300.0,578.0,Self-Employed,2,360,Urban,1
LP002627,Male,48,2120.0,82500.0,684.0,Employed,0,360,Semi-Urban,1
LP002628,Male,43,4380.0,178200.0,828.0,Employed,1,360,Rural,1
LP002629,Male,48,2290.0,32100.0,529.0,Employed,2,360,Semi-Urban,1
LP002630,Male,43,2390.0,22600.0,525.0,Employed,1,12,Urban,0
LP002631,Female,25,3130.0,50100.0,630.0,Employed,3,36,Rural,0
LP002632,Male,34,3310.0,75900.0,722.0,Self-Employed,0,60,Semi-Urban,1
LP002633,Female,29,3210.0,56500.0,683.0,Employed,0,120,Urban,1
LP002634,Female,52,7220.0,185400.0,689.0,Employed,2,360,Urban,1
LP002635,Female,24,4110.0,85800.0,560.0,Employed,2,360,Semi-Urban,1
LP002636,Male,47,4920.0,51500.0,539.0,Employed,5,60,Semi-Urban,0
LP002637,Male,47,8880.0,245100.0,689.0,Employed,1,240,Urban,1
LP002638,Male,58,2000.0,44000.0,641.0,Unemployed,3,360,Semi-Urban,0
LP002639,Female,33,3560.0,76800.0,687.0,Employed,2,180,Rural,1
LP002640,Female,45,5500.0,64300.0,690.0,Self-Employed,2,60,Semi-Urban,1
LP002641,Male,63,2370.0,65700.0,599.0,Employed,1,180,Urban,1
LP002642,Female,31,9790.0,313000.0,711.0,Employed,0,180,Semi-Urban,1
LP002643,Male,21,5180.0,57900.0,521.0,Employed,3,180,Urban,0
LP002644,Male,21,6670.0,150100.0,812.0,Self-Employed,0,180,Urban,1
LP002645,Male,45,19350.0,191400.0,604.0,Self-Employed,1,12,Urban,0
LP002646,Female,21,8950.0,295000.0,620.0,Employed,0,360,Rural,1
LP002647,Male,33,6940.0,235800.0,569.0,Employed,1,180,Urban,1
LP002648,Female,42,5420.0,70700.0,686.0,Employed,1,180,Urban,1
LP002649,Female,40,5400.0,150500.0,683.0,Employed,0,360,Urban,1
LP002650,Female,42,2040.0,33000.0,658.0,Unemployed,2,60,Semi-Urban,0
LP002651,Male,40,6400.0,133200.0,738.0,Employed,0,60,Rural,1
LP002652,Male,52,13590.0,357800.0,,Employed,1,360,Rural,1
LP002653,Male,27,1690.0,32400.0,745.0,Employed,0,120,Urban,1
LP002654,Male,30,6820.0,228600.0,586.0,Employed,0,360,Urban,0
LP002655,Male,29,17580.0,289100.0,626.0,Employed,0,120,Urban,1
LP002656,Female,47,6340.0,97500.0,688.0,Employed,1,36,Rural,0
LP002657,Male,47,20040.0,500000.0,595.0,Self-Employed,0,180,Urban,1
LP002658,Male,42,4060.0,51100.0,689.0,Self-Employed,3,60,Urban,0
LP002659,Male,51,5340.0,196900.0,850.0,Employed,0,360,Semi-Urban,1
LP002660,Male,25,6460.0,203500.0,657.0,Self-Employed,0,240,Urban,1
LP002661,Male,56,1600.0,43200.0,631.0,Employed,0,360,Urban,1
LP002662,Male,54,2860.0,107900.0,670.0,Employed,0,360,Urban,1
LP002663,Female,46,2970.0,73200.0,603.0,Employed,2,60,Urban,1
LP002664,Male,57,8540.0,153000.0,664.0,Employed,2,360,Semi-Urban,1
LP002665,Female,21,8780.0,112600.0,580.0,Employed,1,240,Rural,0
LP002666,Female,32,6490.0,156100.0,703.0,Employed,0,240,Urban,1
LP002667,Male,29,8550.0,199600.0,823.0,Employed,0,360,Urban,1
LP002668,Female,45,2190.0,55300.0,429.0,Unemployed,1,180,Rural,0
LP002669,Male,26,4960.0,164700.0,522.0,Employed,3,180,Rural,1
LP002670,Female,46,4730.0,129500.0,646.0,Employed,0,240,Urban,1
LP002671,Male,53,4440.0,126200.0,720.0,Employed,1,120,Semi-Urban,1
LP002672,Female,45,5460.0,104800.0,746.0,Employed,0,60,Urban,1
LP002673,Female,41,2610.0,68000.0,740.0,Employed,0,240,Semi-Urban,1
LP002674,Female,27,2170.0,26300.0,553.0,Self-Employed,1,120,Rural,1
LP002675,Female,28,8050.0,163000.0,629.0,Employed,0,36,Semi-Urban,0
LP002676,Male,51,4310.0,54500.0,577.0,Employed,2,12,Semi-Urban,0
LP002677,Male,46,8010.0,,675.0,Employed,0,240,Urban,1
LP002678,Male,37,10050.0,280800.0,681.0,Employed,1,180,Semi-Urban,1
LP002679,Male,33,10500.0,224300.0,577.0,Employed,0,360,Semi-Urban,1
LP002680,Female,21,2230.0,56200.0,577.0,Employed,3,180,Semi-Urban,1
LP002681,Male,26,3700.0,117700.0,723.0,Employed,0,180,Urban,1
LP002682,Female,59,7300.0,214300.0,,Employed,2,180,Semi-Urban,1
LP002683,Male,23,7360.0,267200.0,629.0,Employed,2,240,Semi-Urban,1
LP002684,Female,40,1280.0,20700.0,637.0,Unemployed,4,180,Urban,0
LP002685,Male,49,12660.0,246600.0,829.0,Employed,1,360,Urban,1
LP002686,Female,24,18970.0,300700.0,517.0,Self-Employed,1,360,Urban,0
LP002687,Female,40,5180.0,109200.0,688.0,Self-Employed,0,360,Semi-Urban,1
LP002688,Male,48,10690.0,303900.0,850.0,Employed,0,360,Semi-Urban,1
LP002689,Male,38,3220.0,61200.0,715.0,Employed,0,180,Rural,1
LP002690,Female,68,3300.0,87800.0,681.0,Employed,0,180,Urban,1
LP002691,Male,21,1220.0,45400.0,708.0,Self-Employed,4,240,Rural,1
LP002692,Male,49,13630.0,384400.0,696.0,Employed,0,240,Semi-Urban,1
LP002693,Male,36,3450.0,58500.0,733.0,Self-Employed,1,360,Urban,1
LP002694,Male,46,,49200.0,564.0,Unemployed,1,240,Urban,0
LP002695,Male,42,5780.0,156100.0,695.0,Self-Employed,1,360,Urban,1
LP002696,Male,29,3860.0,105600.0,711.0,Employed,1,120,Rural,1
LP002697,Male,40,3940.0,71800.0,744.0,Employed,0,360,Urban,1
LP002698,Male,21,2330.0,34600.0,647.0,Self-Employed,1,240,Urban,1
LP002699,Female,44,4230.0,66000.0,645.0,Employed,0,240,Urban,1
LP002700,Male,41,2000.0,48700.0,465.0,Employed,3,120,Rural,0
LP002701,Female,45,14490.0,212600.0,615.0,Self-Employed,2,360,Urban,1
LP002702,Male,49,13780.0,291000.0,681.0,Employed,4,360,Urban,1
LP002703,Male,42,850.0,21900.0,614.0,Unemployed,0,120,Semi-Urban,1
LP002704,Male,39,1240.0,18700.0,605.0,Self-Employed,0,240,Semi-Urban,1
LP002705,Male,28,1840.0,28100.0,537.0,Employed,0,180,Semi-Urban,1
LP002706,Male,30,800.0,23900.0,569.0,Unemployed,0,360,Semi-Urban,1
LP002707,Male,51,2410.0,57000.0,749.0,Employed,0,180,Rural,1
LP002708,Male,53,27960.0,417100.0,644.0,Employed,1,120,Rural,1
LP002709,Male,35,5110.0,139000.0,571.0,Employed,0,180,Rural,0
LP002710,Female,38,14350.0,173500.0,635.0,Employed,1,240,Urban,1
LP002711,Male,28,7160.0,66100.0,669.0,Employed,2,36,Rural,1
LP002712,Male,50,4010.0,73200.0,773.0,Employed,1,240,Urban,1
LP002713,Female,45,3650.0,56000.0,660.0,Employed,0,360,Urban,1
LP002714,Male,59,5410.0,,759.0,Employed,0,360,Rural,1
LP002715,Male,28,2870.0,55700.0,750.0,Self-Employed,1,36,Rural,1
LP002716,Female,33,3450.0,103300.0,591.0,Self-Employed,0,360,Semi-Urban,1
LP002717,Male,40,4300.0,104700.0,773.0,Employed,1,240,Rural,1
LP002718,Female,45,6380.0,64800.0,702.0,Employed,0,60,Rural,1
LP002719,Female,35,14830.0,190800.0,554.0,Employed,2,12,Semi-Urban,0
LP002720,Male,28,4160.0,54800.0,777.0,Employed,2,60,Semi-Urban,1
LP002721,Male,47,8720.0,246500.0,670.0,Self-Employed,1,360,Semi-Urban,1
LP002722,Male,45,2020.0,26200.0,534.0,Self-Employed,0,12,Urban,0
LP002723,Male,27,9730.0,117500.0,627.0,Employed,0,120,Urban,1
LP002724,Male,52,2110.0,44400.0,573.0,Employed,2,360,Semi-Urban,1
LP002725,Female,50,8430.0,200500.0,628.0,Employed,1,180,Urban,1
LP002726,Male,39,5200.0,85400.0,646.0,Employed,0,360,Urban,1
LP002727,Male,38,5080.0,114100.0,660.0,Employed,0,240,Urban,1
LP002728,Female,44,820.0,8400.0,557.0,Unemployed,0,36,Urban,0
LP002729,Female,28,23380.0,413800.0,637.0,Self-Employed,2,360,Rural,1
LP002730,Male,38,3400.0,100800.0,724.0,Employed,0,120,Semi-Urban,1
LP002731,Male,21,20800.0,500000.0,624.0,Employed,1,180,Semi-Urban,1
LP002732,Male,47,2140.0,26800.0,668.0,Unemployed,1,240,Rural,0
LP002733,Male,21,6910.0,172900.0,588.0,Employed,1,60,Rural,0
LP002734,Male,54,3510.0,157300.0,691.0,Employed,2,360,Semi-Urban,1
LP002735,Male,34,21030.0,384300.0,768.0,Employed,2,180,Rural,1
LP002736,Female,35,10600.0,88300.0,666.0,Self-Employed,1,36,Semi-Urban,1
LP002737,Male,31,5820.0,112900.0,694.0,Employed,0,360,Urban,1
LP002738,Male,34,4400.0,56100.0,607.0,Self-Employed,0,180,Urban,1
LP002739,Male,53,12290.0,279100.0,641.0,Self-Employed,1,240,Semi-Urban,1
LP002740,Male,21,3640.0,80500.0,797.0,Self-Employed,1,180,Semi-Urban,1
LP002741,Female,52,1360.0,52800.0,636.0,Unemployed,1,360,Semi-Urban,0
LP002742,Female,41,3360.0,25200.0,711.0,Employed,0,36,Semi-Urban,1
LP002743,Female,24,5500.0,154400.0,534.0,Employed,1,120,Urban,0
LP002744,Male,26,20650.0,500000.0,626.0,Self-Employed,0,180,Urban,1
LP002745,Male,56,7020.0,157400.0,775.0,Self-Employed,2,36,Semi-Urban,1
LP002746,Male,27,4620.0,112900.0,710.0,Employed,0,240,Urban,1
LP002747,Male,25,3870.0,140900.0,720.0,Employed,1,180,Semi-Urban,1
LP002748,Male,50,11840.0,250000.0,692.0,Self-Employed,0,120,Semi-Urban,1
LP002749,Female,41,3540.0,40800.0,634.0,Self-Employed,0,12,Semi-Urban,0
LP002750,Male,27,15000.0,288500.0,704.0,Employed,1,240,Urban,1
LP002751,Male,40,15730.0,373000.0,565.0,Employed,0,360,Semi-Urban,1
LP002752,Male,26,6260.0,137200.0,524.0,Employed,2,180,Rural,1
LP002753,Male,50,5400.0,171100.0,624.0,Employed,1,180,Rural,1
LP002754,Male,49,9570.0,138300.0,694.0,Employed,1,120,Rural,1
LP002755,Female,43,9920.0,211300.0,562.0,Employed,0,240,Semi-Urban,1
LP002756,Female,41,3490.0,27100.0,689.0,Employed,1,12,Urban,1
LP002757,Female,57,4070.0,61500.0,605.0,Employed,1,180,Semi-Urban,1
LP002758,Male,37,2500.0,71900.0,,Self-Employed,1,240,Rural,1
LP002759,Male,24,8400.0,218800.0,777.0,Self-Employed,1,360,Urban,1
LP002760,Male,42,7840.0,153500.0,682.0,Employed,0,180,Urban,1
LP002761,Male,60,2590.0,65800.0,612.0,Employed,0,360,Urban,1
LP002762,Female,26,4590.0,75800.0,694.0,Self-Employed,0,180,Semi-Urban,1
LP002763,Male,34,2590.0,86200.0,569.0,Employed,0,360,Semi-Urban,1
LP002764,Male,42,800.0,9200.0,608.0,Unemployed,0,180,Urban,0
LP002765,Male,37,3360.0,116300.0,763.0,Self-Employed,1,120,Rural,0
LP002766,Male,27,3380.0,125300.0,694.0,Employed,2,360,Semi-Urban,1
LP002767,Female,50,1270.0,20800.0,741.0,Unemployed,0,36,Urban,1
LP002768,Male,63,8650.0,104900.0,464.0,Employed,3,60,Urban,0
LP002769,Male,40,6020.0,109900.0,689.0,Employed,1,60,Urban,1
LP002770,Male,28,5300.0,158900.0,509.0,Employed,3,360,Semi-Urban,0
LP002771,Male,21,3640.0,38500.0,667.0,Employed,1,12,Urban,0
LP002772,Female,40,800.0,15100.0,580.0,Unemployed,1,360,Semi-Urban,0
LP002773,Female,50,4900.0,188200.0,850.0,Employed,0,180,Semi-Urban,1
LP002774,Female,43,13770.0,186800.0,675.0,Employed,0,12,Semi-Urban,1
LP002775,Female,37,12710.0,268700.0,674.0,Employed,0,180,Urban,1
LP002776,Male,31,2060.0,22200.0,,Self-Employed,1,60,Semi-Urban,1
LP002777,Female,25,1900.0,58500.0,676.0,Employed,0,240,Rural,0
LP002778,Male,47,5510.0,201400.0,782.0,Employed,2,240,Urban,1
LP002779,Male,48,3940.0,94600.0,730.0,Self-Employed,0,180,Urban,1
LP002780,Female,21,2820.0,37500.0,707.0,Employed,2,36,Semi-Urban,1
LP002781,Male,55,6380.0,115800.0,539.0,Self-Employed,0,240,Semi-Urban,1
LP002782,Female,44,6170.0,107000.0,828.0,Employed,0,360,Urban,1
LP002783,Male,53,3510.0,70200.0,630.0,Self-Employed,0,240,Semi-Urban,1
LP002784,Male,23,4080.0,115300.0,679.0,Self-Employed,0,360,Semi-Urban,1
LP002785,Female,22,3570.0,52500.0,631.0,Employed,0,120,Rural,1
LP002786,Female,36,4330.0,129500.0,568.0,Employed,2,360,Urban,0
LP002787,Male,43,9220.0,140700.0,589.0,Self-Employed,0,120,Semi-Urban,1
LP002788,Male,57,3000.0,44000.0,687.0,Employed,0,12,Urban,0
LP002789,Male,45,1340.0,48300.0,397.0,Unemployed,2,360,Semi-Urban,0
LP002790,Male,35,3820.0,,661.0,Employed,0,360,Semi-Urban,1
LP002791,Male,26,9140.0,206500.0,689.0,Employed,3,240,Urban,1
LP002792,Female,51,5600.0,71200.0,657.0,Employed,4,120,Rural,1
LP002793,Male,27,800.0,19600.0,612.0,Unemployed,0,120,Urban,0
LP002794,Female,55,7440.0,157700.0,612.0,Employed,0,180,Semi-Urban,1
LP002795,Male,34,9580.0,481600.0,561.0,Self-Employed,0,360,Urban,1
LP002796,Male,55,5240.0,126700.0,723.0,Self-Employed,2,60,Semi-Urban,0
LP002797,Female,45,3170.0,86100.0,646.0,Employed,1,360,Urban,1
LP002798,Male,36,4060.0,107600.0,673.0,Employed,1,120,Rural,1
LP002799,Male,32,3840.0,166600.0,630.0,Self-Employed,2,360,Rural,1
LP002800,Male,34,6740.0,162500.0,730.0,Employed,0,360,Rural,1
LP002801,Female,42,1990.0,59800.0,783.0,Self-Employed,2,180,Urban,1
LP002802,Female,38,7520.0,149100.0,789.0,Employed,1,180,Semi-Urban,1
LP002803,Male,31,5090.0,80700.0,505.0,Employed,1,360,Urban,0
LP002804,Male,36,10540.0,238600.0,,Self-Employed,2,180,Rural,1
LP002805,Male,38,3650.0,50300.0,578.0,Employed,1,240,Semi-Urban,1
LP002806,Female,21,3310.0,125900.0,750.0,Employed,0,240,Semi-Urban,1
LP002807,Female,43,4340.0,104800.0,680.0,Employed,0,60,Semi-Urban,1
LP002808,Male,27,4290.0,145600.0,725.0,Employed,1,360,Urban,1
LP002809,Male,25,8460.0,187500.0,650.0,Employed,0,60,Semi-Urban,1
LP002810,Male,21,11020.0,241400.0,532.0,Self-Employed,3,360,Urban,0
LP002811,Female,21,15490.0,236000.0,614.0,Employed,0,120,Rural,1
LP002812,Female,23,4140.0,95900.0,565.0,Employed,1,240,Rural,0
LP002813,Male,30,800.0,9800.0,585.0,Self-Employed,1,120,Semi-Urban,0
LP002814,Male,59,4340.0,147300.0,569.0,Employed,0,120,Rural,1
LP002815,Male,32,6170.0,171200.0,532.0,Employed,3,120,Urban,0
LP002816,Female,39,1640.0,28300.0,463.0,Unemployed,2,240,Rural,0
LP002817,Male,42,8540.0,,709.0,Self-Employed,1,180,Urban,1
LP002818,Female,39,3660.0,122900.0,706.0,Employed,0,360,Semi-Urban,1
LP002819,Male,37,1780.0,23900.0,709.0,Employed,0,120,Semi-Urban,1
LP002820,Male,24,2630.0,78100.0,768.0,Employed,0,240,Urban,1
LP002821,Male,53,5500.0,157900.0,674.0,Employed,0,360,Urban,1
LP002822,Male,57,,37200.0,621.0,,1,60,Urban,1
LP002823,Male,21,5230.0,187300.0,775.0,Employed,4,180,Rural,0
LP002824,Female,26,3010.0,37900.0,747.0,Employed,1,180,Urban,1
LP002825,Male,34,3530.0,111900.0,656.0,Employed,2,180,Semi-Urban,1
LP002826,Male,27,8680.0,306700.0,686.0,Employed,1,120,Rural,1
LP002827,Male,43,1320.0,22900.0,601.0,Unemployed,1,240,Urban,1
LP002828,Female,29,4640.0,120100.0,629.0,Employed,2,120,Semi-Urban,1
LP002829,Female,61,10230.0,221100.0,689.0,Employed,1,240,Semi-Urban,1
LP002830,Male,51,4730.0,113300.0,682.0,Employed,2,360,Urban,1
LP002831,Female,40,4560.0,105400.0,625.0,Employed,0,180,Semi-Urban,1
LP002832,Male,49,13680.0,165200.0,557.0,Self-Employed,0,240,Urban,1
LP002833,Male,50,4570.0,40300.0,489.0,Employed,2,36,Urban,0
LP002834,Female,31,11050.0,413100.0,746.0,Employed,1,360,Semi-Urban,1
LP002835,Female,29,2680.0,42500.0,526.0,Employed,2,120,Semi-Urban,1
LP002836,Female,38,10140.0,290100.0,644.0,Self-Employed,3,240,Rural,0
LP002837,Male,47,13430.0,500000.0,593.0,Employed,0,360,Rural,1
LP002838,Male,39,9460.0,279900.0,,Employed,1,180,Semi-Urban,1
LP002839,Female,21,1940.0,60200.0,626.0,Employed,0,240,Urban,1
LP002840,Male,29,3820.0,63700.0,694.0,Employed,1,180,Urban,1
LP002841,Male,37,4750.0,76500.0,548.0,Employed,2,36,Urban,0
LP002842,Male,37,9470.0,237300.0,633.0,Employed,0,360,Semi-Urban,1
LP002843,Male,59,2480.0,31600.0,678.0,Self-Employed,1,36,Rural,1
LP002844,Male,22,3090.0,119800.0,589.0,Self-Employed,1,240,Urban,1
LP002845,Female,43,2250.0,28800.0,787.0,Employed,0,12,Urban,1
LP002846,Male,54,3450.0,133000.0,515.0,Employed,2,360,Semi-Urban,0
LP002847,Male,62,2730.0,39400.0,663.0,Employed,1,60,Urban,1
LP002848,Male,33,1200.0,38000.0,605.0,Unemployed,3,180,Semi-Urban,0
LP002849,Female,43,5720.0,223900.0,580.0,Employed,0,180,Semi-Urban,0
LP002850,Male,44,22340.0,500000.0,671.0,Self-Employed,0,180,Semi-Urban,1
LP002851,Male,40,23550.0,322400.0,689.0,Employed,1,120,Urban,1
LP002852,Female,36,5730.0,135400.0,619.0,Employed,0,180,Rural,1
LP002853,Female,42,10040.0,307500.0,604.0,Employed,4,120,Urban,1
LP002854,Female,21,6170.0,211400.0,722.0,Employed,0,180,Rural,1
LP002855,Female,45,910.0,17900.0,509.0,Unemployed,2,180,Urban,0
LP002856,Male,39,1990.0,45400.0,637.0,Unemployed,1,180,Rural,1
LP002857,Female,35,6050.0,97400.0,709.0,Employed,0,120,Semi-Urban,1
LP002858,Male,60,7300.0,260900.0,636.0,Employed,0,360,Urban,1
LP002859,Female,30,1250.0,27200.0,664.0,Unemployed,1,180,Rural,0
LP002860,Female,33,4510.0,61100.0,624.0,Self-Employed,1,60,Semi-Urban,1
LP002861,Female,59,5340.0,147300.0,744.0,Employed,0,180,Urban,1
LP002862,Female,28,4900.0,249300.0,555.0,Employed,3,360,Urban,0
LP002863,Male,31,15920.0,244300.0,656.0,Employed,0,12,Semi-Urban,0
LP002864,Male,36,4630.0,165300.0,667.0,Employed,0,240,Semi-Urban,1
LP002865,Female,47,4400.0,49300.0,705.0,Employed,1,180,Semi-Urban,1
LP002866,Female,40,5800.0,113400.0,498.0,Employed,0,60,Semi-Urban,0
LP002867,Male,23,3710.0,93100.0,644.0,Employed,3,360,Semi-Urban,1
LP002868,Male,32,5780.0,89700.0,672.0,Employed,0,180,Semi-Urban,1
LP002869,Male,31,20020.0,500000.0,701.0,Employed,0,120,Semi-Urban,1
LP002870,Female,37,7780.0,337300.0,717.0,Self-Employed,0,360,Urban,1
LP002871,Female,42,7590.0,285200.0,709.0,Self-Employed,1,240,Rural,1
LP002872,Male,42,3660.0,123900.0,529.0,Employed,1,360,Urban,1
LP002873,Male,21,1460.0,41900.0,500.0,Unemployed,1,240,Urban,0
LP002874,Female,49,1600.0,52400.0,604.0,Unemployed,0,240,Semi-Urban,0
LP002875,Female,40,13910.0,451600.0,694.0,Employed,0,360,Semi-Urban,1
LP002876,Male,53,7780.0,113800.0,585.0,Employed,2,36,Urban,0
LP002877,Male,42,5350.0,179300.0,735.0,Self-Employed,0,360,Urban,1
LP002878,Male,50,8300.0,256700.0,625.0,Self-Employed,2,240,Semi-Urban,1
LP002879,Male,43,800.0,5800.0,646.0,Unemployed,0,36,Rural,0
LP002880,Male,52,3520.0,84100.0,735.0,Self-Employed,2,180,Semi-Urban,1
LP002881,Female,43,4660.0,115300.0,700.0,Employed,0,60,Semi-Urban,1
LP002882,Female,36,3750.0,123900.0,721.0,Employed,1,240,Urban,1
LP002883,Male,62,2720.0,31400.0,634.0,Employed,0,180,Urban,1
LP002884,Female,47,4000.0,170000.0,746.0,Employed,0,360,Urban,1
LP002885,Male,44,2510.0,47400.0,696.0,Employed,0,60,Urban,1
LP002886,Male,23,17160.0,,657.0,Employed,0,240,Semi-Urban,1
LP002887,Male,23,5370.0,71000.0,,Employed,0,120,Urban,1
LP002888,Male,41,6060.0,103000.0,643.0,Self-Employed,1,240,Urban,1
LP002889,Female,39,7510.0,222000.0,596.0,Employed,1,240,Semi-Urban,0
LP002890,Female,31,9220.0,311400.0,702.0,Employed,2,240,Rural,1
LP002891,Male,39,9140.0,303800.0,771.0,Employed,1,360,Rural,1
LP002892,Male,55,9800.0,279900.0,748.0,Employed,1,360,Semi-Urban,1
LP002893,Female,45,4060.0,74900.0,850.0,Self-Employed,0,36,Urban,1
LP002894,Male,25,5120.0,64700.0,645.0,Self-Employed,1,120,Semi-Urban,1
LP002895,Male,36,960.0,29500.0,624.0,Unemployed,0,240,Urban,0
LP002896,Female,29,4660.0,147200.0,556.0,Employed,2,180,Semi-Urban,0
LP002897,Male,33,5420.0,89200.0,665.0,Employed,0,60,Semi-Urban,1
LP002898,Male,33,4320.0,111700.0,569.0,Employed,0,180,Semi-Urban,0
LP002899,Male,32,3420.0,87600.0,722.0,Employed,1,180,Rural,1
LP002900,Female,24,3730.0,116400.0,653.0,Self-Employed,0,180,Semi-Urban,0
LP002901,Male,36,6960.0,245400.0,490.0,Self-Employed,2,360,Semi-Urban,0
LP002902,Male,31,5640.0,157400.0,593.0,Self-Employed,2,180,Urban,0
LP002903,Female,21,7260.0,72200.0,814.0,Employed,0,12,Rural,1
LP002904,Male,60,6550.0,97700.0,710.0,Self-Employed,0,36,Urban,0
LP002905,Female,49,5670.0,220200.0,737.0,Employed,1,360,Rural,1
LP002906,Male,33,9560.0,184400.0,689.0,Self-Employed,1,360,Urban,1
LP002907,Female,38,11850.0,242400.0,666.0,Employed,0,240,Urban,1
LP002908,Male,25,12120.0,247400.0,681.0,Employed,1,180,Rural,1
LP002909,Male,56,11350.0,185600.0,698.0,Employed,1,360,Urban,1
LP002910,Male,58,1570.0,35500.0,497.0,Unemployed,0,240,Rural,0
LP002911,Male,39,6380.0,155900.0,737.0,Employed,0,360,Urban,1
LP002912,Female,49,5530.0,195100.0,729.0,Employed,2,360,Rural,1
LP002913,Female,39,11630.0,376500.0,665.0,Self-Employed,0,180,Semi-Urban,1
LP002914,Male,23,8120.0,227900.0,605.0,Employed,2,180,Semi-Urban,1
LP002915,Male,33,4580.0,48900.0,624.0,Employed,0,60,Urban,1
LP002916,Female,39,6790.0,108700.0,811.0,Employed,1,120,Urban,1
LP002917,Female,32,5330.0,138000.0,611.0,Employed,2,360,Rural,1
LP002918,Male,35,1370.0,54300.0,593.0,Unemployed,2,360,Urban,0
LP002919,Male,36,3470.0,49200.0,665.0,Self-Employed,0,240,Urban,1
LP002920,Male,37,4830.0,105400.0,661.0,Employed,0,180,Semi-Urban,1
LP002921,Female,38,1470.0,30800.0,487.0,Unemployed,2,60,Semi-Urban,0
LP002922,Male,26,10820.0,91400.0,607.0,Employed,0,36,Urban,1
LP002923,Male,30,4000.0,130100.0,735.0,Employed,0,180,Urban,1
LP002924,Male,23,5530.0,121400.0,535.0,Employed,3,180,Urban,0
LP002925,Female,48,10150.0,168900.0,714.0,Employed,0,240,Rural,1
LP002926,Male,21,6770.0,77100.0,686.0,Employed,0,12,Urban,1
LP002927,Male,50,800.0,20700.0,636.0,Unemployed,0,360,Rural,0
LP002928,Male,53,19640.0,339400.0,,Self-Employed,1,180,Urban,1
LP002929,Male,34,13340.0,422100.0,761.0,Employed,1,360,Urban,1
LP002930,Male,21,5270.0,113700.0,669.0,Employed,0,180,Semi-Urban,1
LP002931,Male,34,7530.0,79100.0,850.0,Self-Employed,0,60,Urban,1
LP002932,Male,37,890.0,12400.0,458.0,Unemployed,0,360,Semi-Urban,0
LP002933,Male,26,8960.0,128800.0,850.0,Self-Employed,1,240,Rural,1
LP002934,Male,32,3160.0,102200.0,670.0,Employed,0,180,Urban,1
LP002935,Female,54,19410.0,500000.0,626.0,Self-Employed,3,180,Rural,0
LP002936,Female,45,10650.0,163400.0,634.0,Employed,0,60,Urban,1
LP002937,Male,27,2290.0,50800.0,492.0,Employed,5,240,Urban,0
LP002938,Female,21,3250.0,71600.0,640.0,Employed,0,360,Urban,1
LP002939,Male,34,1550.0,32800.0,617.0,Employed,2,60,Rural,0
LP002940,Male,35,3530.0,57500.0,693.0,Employed,0,120,Urban,1
LP002941,Male,43,8280.0,120400.0,764.0,Employed,0,360,Rural,1
LP002942,Male,32,4330.0,45800.0,659.0,Employed,2,120,Semi-Urban,1
LP002943,Female,43,8710.0,283700.0,660.0,Self-Employed,2,240,Urban,0
LP002944,Female,59,2350.0,36900.0,708.0,Employed,0,180,Semi-Urban,1
LP002945,Female,46,8420.0,262600.0,548.0,Employed,1,180,Rural,1
LP002946,Male,37,4000.0,87600.0,555.0,Employed,1,180,Semi-Urban,0
LP002947,Male,35,,11500.0,432.0,Unemployed,2,120,Semi-Urban,0
LP002948,Male,34,1900.0,24100.0,652.0,Employed,0,36,Rural,1
LP002949,Male,50,8290.0,351800.0,539.0,Employed,1,240,Urban,0
LP002950,Male,31,10050.0,202700.0,628.0,Employed,1,240,Rural,1
LP002951,Male,38,2420.0,53600.0,577.0,Self-Employed,0,240,Rural,1
LP002952,Male,38,1950.0,67900.0,581.0,Unemployed,2,240,Semi-Urban,0
LP002953,Male,32,9680.0,201200.0,,Employed,0,120,Rural,1
LP002954,Female,22,6490.0,66700.0,657.0,Employed,0,12,Semi-Urban,0
LP002955,Female,41,950.0,23000.0,437.0,Unemployed,1,360,Semi-Urban,0
LP002956,Female,37,1170.0,15800.0,662.0,Employed,1,180,Semi-Urban,1
LP002957,Male,43,9940.0,339300.0,704.0,Employed,0,120,Urban,1
LP002958,Male,32,5520.0,115500.0,740.0,Employed,0,60,Semi-Urban,1
LP002959,Male,51,4710.0,63400.0,741.0,Employed,3,36,Urban,1
LP002960,Female,28,9330.0,226500.0,763.0,Employed,0,120,Semi-Urban,1
LP002961,Male,56,14060.0,500000.0,692.0,Employed,1,360,Urban,1
LP002962,Male,21,8870.0,118500.0,658.0,Self-Employed,1,360,Urban,1
LP002963,Female,42,800.0,31100.0,524.0,Unemployed,0,360,Urban,0
LP002964,Male,43,13160.0,434200.0,711.0,Employed,3,360,Rural,1
LP002965,Male,29,7450.0,204100.0,692.0,Self-Employed,1,360,Urban,1
LP002966,Male,42,3240.0,98100.0,727.0,Employed,1,180,Semi-Urban,1
LP002967,Male,52,4400.0,85300.0,635.0,Employed,1,120,Urban,1
LP002968,Male,21,4850.0,164600.0,586.0,Employed,1,360,Semi-Urban,1
LP002969,Male,43,1230.0,17300.0,549.0,Unemployed,1,120,Urban,0
LP002970,Male,21,,38200.0,622.0,Self-Employed,2,120,Urban,1
LP002971,Male,27,9680.0,202400.0,694.0,Self-Employed,0,120,Semi-Urban,1
LP002972,Female,55,11650.0,311300.0,624.0,Self-Employed,0,180,Semi-Urban,0
LP002973,Male,31,11360.0,200600.0,681.0,Employed,0,120,Urban,1
LP002974,Male,25,1070.0,16300.0,668.0,Unemployed,0,60,Semi-Urban,0
LP002975,Male,35,10530.0,207700.0,554.0,Self-Employed,0,180,Rural,1
LP002976,Female,60,1580.0,33500.0,386.0,Unemployed,2,360,Urban,0
LP002977,Male,21,10830.0,270800.0,773.0,Employed,1,180,Urban,1
LP002978,Male,26,4710.0,176900.0,570.0,Employed,1,360,Semi-Urban,0
LP002979,Female,54,5520.0,56000.0,651.0,Employed,1,60,Urban,1
LP002980,Female,58,3250.0,60900.0,690.0,Employed,2,60,Rural,1
LP002981,Male,36,12260.0,309100.0,675.0,Employed,1,180,Semi-Urban,1
LP002982,Female,24,2360.0,35200.0,639.0,Employed,2,180,Semi-Urban,1
LP002983,Male,61,7290.0,147800.0,685.0,Employed,0,240,Semi-Urban,1
LP002984,Male,55,3910.0,60900.0,798.0,Employed,3,360,Semi-Urban,1
LP002985,Male,45,2950.0,55000.0,813.0,Employed,1,360,Urban,1
LP002986,Male,29,1940.0,73600.0,627.0,Employed,0,360,Rural,1
LP002987,Female,37,1380.0,33000.0,658.0,Unemployed,1,180,Semi-Urban,0
LP002988,Male,36,4820.0,108400.0,717.0,Employed,1,120,Urban,1
LP002989,Male,41,5590.0,219500.0,678.0,Employed,0,180,Semi-Urban,1
LP002990,Female,53,11560.0,207300.0,611.0,Self-Employed,1,60,Urban,1
LP002991,Female,47,4180.0,62400.0,713.0,Employed,0,120,Urban,1
LP002992,Male,26,13660.0,155800.0,657.0,Employed,0,120,Semi-Urban,1
LP002993,Male,53,2430.0,45400.0,581.0,Employed,3,180,Semi-Urban,0
LP002994,Male,41,10460.0,192700.0,622.0,Employed,1,60,Semi-Urban,1
LP002995,Female,45,1010.0,12400.0,619.0,Unemployed,2,36,Urban,0
LP002996,Female,54,5240.0,187200.0,622.0,Employed,1,240,Semi-Urban,1
LP002997,Female,25,24290.0,500000.0,622.0,Employed,0,240,Urban,1
LP002998,Male,37,2180.0,76700.0,738.0,Employed,1,240,Semi-Urban,1
LP002999,Male,32,7640.0,112300.0,669.0,Employed,1,240,Semi-Urban,1
LP003000,Male,21,3870.0,35200.0,601.0,Self-Employed,4,60,Semi-Urban,1

